"","monthyear_date","site","mths_since_irs","precip","precip_lag","tested","cases","proportion_rdt","count_rdt","notsuspect","suspect","tpr","tpr_adj_cases","cases_adjusted","month","time_cat"
"1",2016-03-01,"Anyeke",0,3.98676419258118,3.5442328453064,462,260,0.664502164502164,307,1224,785,0.562770562770563,181.774891774892,442,3,0
"2",2016-03-01,"Aboke",0,3.85728359222412,4.75096225738525,708,492,0.998587570621469,707,621,761,0.694915254237288,36.8305084745763,529,3,0
"3",2016-03-01,"Patongo",0,4.79594135284424,4.20973968505859,877,458,0.994298745724059,872,634,890,0.522234891676169,6.78905359179019,465,3,0
"4",2016-03-01,"Atiak",0,5.02549457550049,3.11205744743347,673,634,1,673,1046,852,0.942050520059435,168.627043090639,803,3,0
"5",2016-04-01,"Anyeke",0,13.1700763702393,3.98676419258118,1106,837,0.995479204339964,1101,1566,1505,0.756781193490054,301.955696202532,1139,4,0
"6",2016-04-01,"Aboke",0,12.8588523864746,3.85728359222412,705,543,0.991489361702128,699,651,746,0.770212765957447,31.5787234042553,575,4,0
"7",2016-04-01,"Patongo",0,15.9452056884766,4.79594135284424,598,260,0.994983277591973,595,660,608,0.434782608695652,4.34782608695652,264,4,0
"8",2016-04-01,"Atiak",0,9.20440101623535,5.02549457550049,1077,792,0.996285979572888,1073,795,1260,0.735376044568245,134.573816155989,927,4,0
"9",2016-05-01,"Anyeke",0,4.53108835220337,13.1700763702393,1941,1611,0.997939206594539,1937,1333,2447,0.829984544049459,419.972179289026,2031,5,0
"10",2016-05-01,"Aboke",0,5.14743995666504,12.8588523864746,1106,964,0.999095840867993,1105,985,1928,0.871609403254973,716.462929475588,1680,5,0
"11",2016-05-01,"Patongo",0,6.13846683502197,15.9452056884766,1651,1095,0.998788612961841,1649,505,1666,0.663234403391884,9.94851605087825,1105,5,0
"12",2016-05-01,"Atiak",0,3.30833864212036,9.20440101623535,2857,2466,1,2857,824,3363,0.863143157157858,436.750437521876,2903,5,0
"13",2016-06-01,"Aduku",0,5.55612564086914,4.93456363677979,1528,1116,0.881544502617801,1347,877,1804,0.730366492146597,201.581151832461,1318,6,0
"14",2016-06-01,"Anyeke",0,5.60512828826904,4.53108835220337,1449,1141,0.900621118012422,1305,1321,2048,0.78743961352657,471.676328502416,1613,6,0
"15",2016-06-01,"Aboke",0,4.96369791030884,5.14743995666504,1203,1022,0.985037406483791,1185,817,1633,0.84954280964256,365.303408146301,1387,6,0
"16",2016-06-01,"Awach",0,4.97419452667236,3.31901407241821,1520,1170,0.998026315789474,1517,806,1953,0.769736842105263,333.296052631579,1503,6,0
"17",2016-06-01,"Lalogi",0,5.42634677886963,4.67495775222778,3444,2933,0.999709639953542,3443,1657,3511,0.851626016260163,57.0589430894309,2990,6,0
"18",2016-06-01,"Patongo",0,6.84825277328491,6.13846683502197,1579,1171,0.999366687777074,1578,492,1583,0.741608613046232,2.96643445218493,1174,6,0
"19",2016-06-01,"Atiak",0,3.20274138450623,3.30833864212036,2343,2065,0.994451557831839,2330,864,2725,0.881348698250107,336.675202731541,2402,6,0
"20",2016-06-01,"Namokora",0,6.18207168579102,5.76511716842651,1051,951,0.999048525214082,1050,94,1066,0.904852521408183,13.5727878211227,965,6,0
"21",2016-07-01,"Aduku",0,1.46690940856934,5.55612564086914,1777,1262,0.821609454136185,1460,833,1970,0.710185706246483,137.065841305571,1399,7,0
"22",2016-07-01,"Anyeke",0,0.95643538236618,5.60512828826904,1136,864,0.546654929577465,621,1302,1363,0.76056338028169,172.647887323944,1037,7,0
"23",2016-07-01,"Aboke",0,1.10671305656433,4.96369791030884,704,533,0.985795454545455,694,1083,887,0.757102272727273,138.549715909091,672,7,0
"24",2016-07-01,"Awach",0,0.504827857017517,4.97419452667236,1024,847,0.9892578125,1013,1080,1336,0.8271484375,258.0703125,1105,7,0
"25",2016-07-01,"Lalogi",0,1.03737831115723,5.42634677886963,2946,2103,0.998642226748133,2942,964,2959,0.713849287169043,9.28004073319756,2112,7,0
"26",2016-07-01,"Patongo",0,1.4251024723053,6.84825277328491,1259,792,0.999205718824464,1258,1076,1269,0.629070691024623,6.29070691024623,798,7,0
"27",2016-07-01,"Atiak",0,0.402170926332474,3.20274138450623,2040,1665,0.997058823529412,2034,873,2221,0.816176470588235,147.727941176471,1813,7,0
"28",2016-07-01,"Namokora",0,1.70807695388794,6.18207168579102,1415,1274,0.98303886925795,1391,83,1427,0.900353356890459,10.8042402826855,1285,7,0
"29",2016-08-01,"Aduku",0,3.31415748596191,1.46690940856934,1326,673,0.298642533936652,396,755,1421,0.507541478129713,48.2164404223228,721,8,0
"30",2016-08-01,"Anyeke",0,2.29667115211487,0.95643538236618,1058,690,0.580340264650284,614,1182,1337,0.652173913043478,181.95652173913,872,8,0
"31",2016-08-01,"Aboke",0,2.7082507610321,1.10671305656433,579,389,0.854922279792746,495,613,686,0.671848013816926,71.8877374784111,461,8,0
"32",2016-08-01,"Awach",0,2.37387561798096,0.504827857017517,1378,1060,0.981857764876633,1353,750,1453,0.769230769230769,57.6923076923077,1118,8,0
"33",2016-08-01,"Lalogi",0,2.6492908000946,1.03737831115723,2064,1598,1,2064,1114,2076,0.77422480620155,9.29069767441861,1607,8,0
"34",2016-08-01,"Patongo",0,3.82978057861328,1.4251024723053,620,437,1,620,1210,627,0.704838709677419,4.93387096774194,442,8,0
"35",2016-08-01,"Atiak",0,2.12743186950684,0.402170926332474,1794,1597,0.996098104793757,1787,945,2104,0.890189520624303,275.958751393534,1873,8,0
"36",2016-08-01,"Namokora",0,3.16805410385132,1.70807695388794,1983,1541,0.999495713565305,1982,337,2352,0.777105395864851,286.75189107413,1828,8,0
"37",2016-09-01,"Aduku",0,21.3677234649658,3.31415748596191,1139,582,0.14486391571554,165,924,1299,0.510974539069359,81.7559262510974,664,9,0
"38",2016-09-01,"Anyeke",0,22.4548206329346,2.29667115211487,599,336,0.0818030050083473,49,1365,1070,0.56093489148581,264.200333889816,600,9,0
"39",2016-09-01,"Aboke",0,22.2887401580811,2.7082507610321,134,82,0.395522388059701,53,339,164,0.611940298507463,18.3582089552239,100,9,0
"40",2016-09-01,"Awach",0,27.4602661132812,2.37387561798096,1371,1027,0.975929978118162,1338,1047,1521,0.7490882567469,112.363238512035,1139,9,0
"41",2016-09-01,"Lalogi",0,23.4549674987793,2.6492908000946,2146,1406,1,2146,1033,2172,0.655172413793103,17.0344827586207,1423,9,0
"42",2016-09-01,"Patongo",0,30.2324542999268,3.82978057861328,831,694,0.997593261131167,829,1682,837,0.835138387484958,5.01083032490975,699,9,0
"43",2016-09-01,"Atiak",0,27.9860591888428,2.12743186950684,2315,2066,0.992656587473002,2298,912,2612,0.89244060475162,265.054859611231,2331,9,0
"44",2016-09-01,"Padibe",0,27.051248550415,2.69476985931396,1133,1122,1,1133,5,1134,0.990291262135922,0.990291262135922,1123,9,0
"45",2016-09-01,"Namokora",0,21.7198657989502,3.16805410385132,1477,1081,0.869329722410291,1284,197,1638,0.731888964116452,117.834123222749,1199,9,0
"46",2016-10-01,"Aduku",0,7.938232421875,21.3677234649658,791,347,0.102402022756005,81,990,1218,0.438685208596713,187.318584070796,534,10,0
"47",2016-10-01,"Anyeke",0,9.72181510925293,22.4548206329346,782,453,0.478260869565217,374,1162,1257,0.579283887468031,275.159846547315,728,10,0
"48",2016-10-01,"Aboke",0,11.2462348937988,22.2887401580811,283,201,0.346289752650177,98,565,382,0.710247349823322,70.3144876325088,271,10,0
"49",2016-10-01,"Awach",0,8.85715198516846,27.4602661132812,1225,856,0.998367346938775,1223,1104,1297,0.698775510204082,50.3118367346939,906,10,0
"50",2016-10-01,"Lalogi",0,10.3689794540405,23.4549674987793,2858,1547,1,2858,1332,2895,0.541287613715885,20.0276417074878,1567,10,0
"51",2016-10-01,"Patongo",0,15.7558822631836,30.2324542999268,2138,2049,1,2138,539,2138,0.958372310570627,0,2049,10,0
"52",2016-10-01,"Atiak",0,5.92978096008301,27.9860591888428,1629,1469,0.995089011663597,1621,907,1895,0.901780233271946,239.873542050338,1709,10,0
"53",2016-10-01,"Padibe",0,10.6699028015137,27.051248550415,628,439,1,628,701,630,0.699044585987261,1.39808917197452,440,10,0
"54",2016-10-01,"Namokora",0,10.18053150177,21.7198657989502,1087,678,0.304507819687213,331,492,1292,0.623735050597976,127.865685372585,806,10,0
"55",2016-11-01,"Aduku",0,11.7655849456787,7.938232421875,1301,548,0.0891621829362029,116,1012,1784,0.421214450422752,203.446579554189,751,11,0
"56",2016-11-01,"Anyeke",0,10.8150148391724,9.72181510925293,946,596,0.768498942917548,727,1290,1502,0.630021141649049,350.291754756871,946,11,0
"57",2016-11-01,"Aboke",0,11.5048513412476,11.2462348937988,932,672,0.983905579399142,917,647,1122,0.721030042918455,136.995708154506,809,11,0
"58",2016-11-01,"Awach",0,7.84377384185791,8.85715198516846,1282,971,0.980499219968799,1257,750,1357,0.757410296411856,56.8057722308892,1028,11,0
"59",2016-11-01,"Lalogi",0,9.94499969482422,10.3689794540405,2668,1606,1,2668,1779,2678,0.601949025487256,6.01949025487256,1612,11,0
"60",2016-11-01,"Patongo",0,12.076940536499,15.7558822631836,1572,1490,1,1572,193,1576,0.947837150127226,3.79134860050891,1494,11,0
"61",2016-11-01,"Atiak",0,6.87879848480225,5.92978096008301,1534,1281,0.992829204693611,1523,801,1688,0.835071707953064,128.601043024772,1410,11,0
"62",2016-11-01,"Padibe",0,7.62156009674072,10.6699028015137,919,789,1,919,171,921,0.85854189336235,1.7170837867247,791,11,0
"63",2016-11-01,"Namokora",0,11.3107976913452,10.18053150177,1908,1285,0.987421383647799,1884,288,1959,0.673480083857442,34.3474842767296,1319,11,0
"64",2016-12-01,"Aduku",0,16.2491226196289,11.7655849456787,560,255,0.130357142857143,73,937,976,0.455357142857143,189.428571428571,444,12,0
"65",2016-12-01,"Anyeke",0,16.4879302978516,10.8150148391724,635,409,0.637795275590551,405,879,908,0.644094488188976,175.837795275591,585,12,0
"66",2016-12-01,"Aboke",0,17.218729019165,11.5048513412476,550,384,0.996363636363636,548,341,581,0.698181818181818,21.6436363636364,406,12,0
"67",2016-12-01,"Awach",0,7.59810543060303,7.84377384185791,956,735,0.967573221757322,925,744,1070,0.768828451882845,87.6464435146444,823,12,0
"68",2016-12-01,"Lalogi",0,13.6146697998047,9.94499969482422,1200,1050,1,1200,1327,1224,0.875,21,1071,12,0
"69",2016-12-01,"Patongo",0,11.2496576309204,12.076940536499,1096,992,1,1096,223,1104,0.905109489051095,7.24087591240876,999,12,0
"70",2016-12-01,"Atiak",0,7.01802492141724,6.87879848480225,1043,893,0.996164908916587,1039,840,1187,0.856184084372004,123.290508149569,1016,12,0
"71",2016-12-01,"Padibe",0,13.2149448394775,7.62156009674072,701,561,1,701,512,714,0.800285306704708,10.4037089871612,571,12,0
"72",2016-12-01,"Namokora",0,8.93917083740234,11.3107976913452,1554,912,0.982625482625483,1527,297,1586,0.586872586872587,18.7799227799228,931,12,0
"73",2017-01-01,"Aduku",0,17.3454856872559,16.2491226196289,291,160,0.40893470790378,119,706,584,0.549828178694158,161.099656357388,321,1,0
"74",2017-01-01,"Anyeke",0,10.1369066238403,16.4879302978516,641,433,0.981279251170047,629,919,893,0.675507020280811,170.227769110764,603,1,0
"75",2017-01-01,"Aboke",0,10.4216289520264,17.218729019165,602,418,1,602,308,651,0.694352159468439,34.0232558139535,452,1,0
"76",2017-01-01,"Awach",0,7.3945574760437,7.59810543060303,1038,656,0.994219653179191,1032,1063,1115,0.631984585741811,48.6628131021195,705,1,0
"77",2017-01-01,"Lalogi",0,8.28451633453369,13.6146697998047,1224,922,0.997549019607843,1221,1418,1236,0.753267973856209,9.03921568627451,931,1,0
"78",2017-01-01,"Patongo",0,13.8431062698364,11.2496576309204,745,517,0.971812080536913,724,612,780,0.693959731543624,24.2885906040268,541,1,0
"79",2017-01-01,"Atiak",0,2.53466987609863,7.01802492141724,1200,945,0.9975,1197,1163,1538,0.7875,266.175,1211,1,0
"80",2017-01-01,"Padibe",0,9.45709800720215,13.2149448394775,442,309,1,442,561,449,0.699095022624434,4.89366515837104,314,1,0
"81",2017-01-01,"Namokora",0,18.8632965087891,8.93917083740234,1078,531,0.989795918367347,1067,361,1102,0.492578849721707,11.821892393321,543,1,0
"82",2017-02-01,"Aduku",0,4.53589630126953,17.3454856872559,143,24,0,0,795,375,0.167832167832168,38.9370629370629,63,2,0
"83",2017-02-01,"Anyeke",0,3.01044130325317,10.1369066238403,569,317,0.982425307557118,559,1031,758,0.557117750439367,105.29525483304,422,2,0
"84",2017-02-01,"Aboke",0,3.88586521148682,10.4216289520264,655,369,0.854961832061069,560,1144,706,0.563358778625954,28.7312977099237,398,2,0
"85",2017-02-01,"Awach",0,1.86313331127167,7.3945574760437,631,380,0.990491283676704,625,644,714,0.602218700475436,49.9841521394612,430,2,0
"86",2017-02-01,"Lalogi",0,3.09281015396118,8.28451633453369,806,542,1,806,1261,815,0.672456575682382,6.05210918114144,548,2,0
"87",2017-02-01,"Patongo",0,3.59834003448486,13.8431062698364,278,77,0.0251798561151079,7,437,404,0.276978417266187,34.8992805755396,112,2,0
"88",2017-02-01,"Atiak",0,2.96760940551758,2.53466987609863,719,577,1,719,857,805,0.80250347705146,69.0152990264256,646,2,0
"89",2017-02-01,"Padibe",0,1.8467116355896,9.45709800720215,200,168,1,200,830,206,0.84,5.04,173,2,0
"90",2017-02-01,"Namokora",0,2.05905771255493,18.8632965087891,362,119,0.988950276243094,358,212,377,0.328729281767956,4.93093922651934,124,2,0
"91",2017-03-01,"Aduku",0,4.7679328918457,4.53589630126953,573,145,0.113438045375218,65,952,652,0.253054101221641,19.9912739965096,165,3,0
"92",2017-03-01,"Anyeke",1,3.39671444892883,3.01044130325317,865,354,0.995375722543353,861,1051,954,0.409248554913295,36.4231213872832,390,3,1
"93",2017-03-01,"Aboke",1,3.07836556434631,3.88586521148682,321,137,0.330218068535826,106,604,328,0.426791277258567,2.98753894080997,140,3,1
"94",2017-03-01,"Awach",0,5.19227457046509,1.86313331127167,1322,909,0.981089258698941,1297,925,1386,0.687594553706505,44.0060514372163,953,3,0
"95",2017-03-01,"Lalogi",0,3.62708234786987,3.09281015396118,1194,854,1,1194,1231,1213,0.715242881072027,13.5896147403685,868,3,0
"96",2017-03-01,"Patongo",1,3.11582708358765,3.59834003448486,672,199,0.959821428571429,645,689,762,0.296130952380952,26.6517857142857,226,3,1
"97",2017-03-01,"Atiak",1,6.26955890655518,2.96760940551758,1206,733,0.959369817578773,1157,999,1267,0.607794361525705,37.075456053068,770,3,1
"98",2017-03-01,"Padibe",0,3.28863549232483,1.8467116355896,479,241,0.997912317327766,478,956,480,0.503131524008351,0.503131524008351,242,3,0
"99",2017-03-01,"Namokora",0,1.98437094688416,2.05905771255493,1393,452,0.98851399856425,1377,448,1405,0.324479540559943,3.89375448671931,456,3,0
"100",2017-04-01,"Aduku",0,9.10364532470703,4.7679328918457,980,544,0.495918367346939,486,784,1064,0.555102040816327,46.6285714285714,591,4,0
"101",2017-04-01,"Anyeke",2,8.23838996887207,3.39671444892883,628,280,0.987261146496815,620,795,709,0.445859872611465,36.1146496815287,316,4,1
"102",2017-04-01,"Aboke",2,9.09477996826172,3.07836556434631,311,170,0.282958199356913,88,581,366,0.546623794212219,30.064308681672,200,4,1
"103",2017-04-01,"Awach",0,6.30400276184082,5.19227457046509,1667,1359,0.986802639472106,1645,784,1774,0.815236952609478,87.2303539292142,1446,4,0
"104",2017-04-01,"Lalogi",0,6.58111333847046,3.62708234786987,1438,1018,1,1438,999,1459,0.707927677329624,14.8664812239221,1033,4,0
"105",2017-04-01,"Patongo",2,10.0952558517456,3.11582708358765,515,172,0.916504854368932,472,600,555,0.333980582524272,13.3592233009709,185,4,1
"106",2017-04-01,"Atiak",2,6.52907371520996,6.26955890655518,875,452,1,875,709,920,0.516571428571429,23.2457142857143,475,4,1
"107",2017-04-01,"Padibe",0,5.40020847320557,3.28863549232483,620,346,1,620,571,621,0.558064516129032,0.558064516129032,347,4,0
"108",2017-04-01,"Namokora",0,8.46566581726074,1.98437094688416,1036,348,0.997104247104247,1033,251,1048,0.335907335907336,4.03088803088803,352,4,0
"109",2017-05-01,"Aduku",0,4.46103668212891,9.10364532470703,1535,903,0.355700325732899,546,962,1765,0.588273615635179,135.302931596091,1038,5,0
"110",2017-05-01,"Anyeke",3,5.03997611999512,8.23838996887207,812,465,1,812,1170,1009,0.572660098522167,112.814039408867,578,5,1
"111",2017-05-01,"Aboke",3,5.09708738327026,9.09477996826172,671,496,0.900149031296572,604,1198,783,0.73919523099851,82.7898658718331,579,5,1
"112",2017-05-01,"Awach",0,4.63683176040649,6.30400276184082,1710,1323,0.998245614035088,1707,890,1812,0.773684210526316,78.9157894736842,1402,5,0
"113",2017-05-01,"Lalogi",0,5.67038011550903,6.58111333847046,1971,1421,1,1971,1167,1997,0.720953830542872,18.7447995941147,1440,5,0
"114",2017-05-01,"Patongo",3,7.49364900588989,10.0952558517456,665,208,0.926315789473684,616,742,696,0.312781954887218,9.69624060150376,218,5,1
"115",2017-05-01,"Atiak",3,3.60818839073181,6.52907371520996,1398,700,0.998569384835479,1396,1096,1449,0.50071530758226,25.5364806866953,726,5,1
"116",2017-05-01,"Padibe",0,5.97236824035645,5.40020847320557,1044,896,1,1044,369,1072,0.85823754789272,24.0306513409962,920,5,0
"117",2017-05-01,"Namokora",0,7.68834447860718,8.46566581726074,1647,877,0.99210686095932,1634,262,1717,0.532483302975106,37.2738312082574,914,5,0
"118",2017-06-01,"Aduku",1,9.95810890197754,4.46103668212891,1116,686,0.64336917562724,718,770,1400,0.614695340501792,174.573476702509,861,6,1
"119",2017-06-01,"Anyeke",4,11.567684173584,5.03997611999512,745,476,0.966442953020134,720,905,859,0.638926174496644,72.8375838926175,549,6,1
"120",2017-06-01,"Aboke",4,10.5961275100708,5.09708738327026,873,661,0.998854524627721,872,905,893,0.757159221076747,15.1431844215349,676,6,1
"121",2017-06-01,"Awach",1,8.25061511993408,4.63683176040649,1967,1461,0.995424504321301,1958,868,2013,0.742755465175394,34.1667513980681,1495,6,1
"122",2017-06-01,"Lalogi",1,12.9517192840576,5.67038011550903,2260,1399,1,2260,703,2287,0.619026548672566,16.7137168141593,1416,6,1
"123",2017-06-01,"Patongo",4,13.5839366912842,7.49364900588989,933,398,0.930332261521972,868,829,961,0.426580921757771,11.9442658092176,410,6,1
"124",2017-06-01,"Atiak",4,6.46884918212891,3.60818839073181,1297,983,1,1297,1004,1487,0.757902852737086,144.001542020046,1127,6,1
"125",2017-06-01,"Padibe",0,11.5064086914062,5.97236824035645,2041,1754,0.999020088192063,2039,548,2082,0.859382655560999,35.234688878001,1789,6,0
"126",2017-06-01,"Namokora",1,13.439733505249,7.68834447860718,2732,2033,0.998535871156662,2728,140,2737,0.744143484626647,3.72071742313324,2037,6,1
"127",2017-07-01,"Aduku",2,1.42813897132874,9.95810890197754,728,338,0.92032967032967,670,813,807,0.464285714285714,36.6785714285714,375,7,1
"128",2017-07-01,"Anyeke",5,0.93619030714035,11.567684173584,951,544,0.973711882229232,926,1158,1109,0.572029442691903,90.3806519453207,634,7,1
"129",2017-07-01,"Aboke",5,1.07059943675995,10.5961275100708,972,595,1,972,868,977,0.612139917695473,3.06069958847737,598,7,1
"130",2017-07-01,"Awach",2,0.501811921596527,8.25061511993408,1434,761,0.99023709902371,1420,922,1515,0.53068340306834,42.9853556485356,804,7,1
"131",2017-07-01,"Lalogi",2,1.01348686218262,12.9517192840576,1818,1072,0.974697469746975,1772,984,1836,0.58965896589659,10.6138613861386,1083,7,1
"132",2017-07-01,"Patongo",5,1.29618120193481,13.5839366912842,738,290,0.952574525745257,703,1160,794,0.392953929539295,22.0054200542005,312,7,1
"133",2017-07-01,"Atiak",5,0.41045606136322,6.46884918212891,1124,755,1,1124,1192,1211,0.671708185053381,58.4386120996441,813,7,1
"134",2017-07-01,"Padibe",0,2.74065351486206,11.5064086914062,1032,853,0.996124031007752,1028,138,1034,0.826550387596899,1.6531007751938,855,7,0
"135",2017-07-01,"Namokora",2,1.57993102073669,13.439733505249,1920,1120,0.986458333333333,1894,236,1932,0.583333333333333,7,1127,7,1
"136",2017-08-01,"Aduku",3,3.04080080986023,1.42813897132874,643,177,0.628304821150855,404,967,694,0.275272161741835,14.0388802488336,191,8,1
"137",2017-08-01,"Anyeke",6,3.36407923698425,0.93619030714035,658,315,0.975683890577508,642,971,779,0.478723404255319,57.9255319148936,373,8,2
"138",2017-08-01,"Aboke",6,2.98956942558289,1.07059943675995,586,273,0.998293515358362,585,609,589,0.465870307167235,1.39761092150171,274,8,2
"139",2017-08-01,"Awach",3,4.25215578079224,0.501811921596527,1161,453,1,1161,750,1217,0.390180878552972,21.8501291989664,475,8,1
"140",2017-08-01,"Lalogi",3,4.12415790557861,1.01348686218262,1407,575,1,1407,875,1424,0.408670931058991,6.94740582800284,582,8,1
"141",2017-08-01,"Patongo",6,5.57717180252075,1.29618120193481,685,179,0.921167883211679,631,891,709,0.261313868613139,6.27153284671533,185,8,2
"142",2017-08-01,"Atiak",6,2.31265354156494,0.41045606136322,1154,615,1,1154,1079,1179,0.532928942807626,13.3232235701906,628,8,2
"143",2017-08-01,"Padibe",0,3.08440256118774,2.74065351486206,857,693,1,857,393,869,0.808634772462077,9.70361726954492,703,8,0
"144",2017-08-01,"Namokora",3,5.38136529922485,1.57993102073669,1657,695,0.996378998189499,1651,199,1680,0.419432709716355,9.64695232347616,705,8,1
"145",2017-09-01,"Aduku",4,11.061279296875,3.04080080986023,607,117,0.976935749588138,593,1004,676,0.192751235584843,13.2998352553542,130,9,1
"146",2017-09-01,"Anyeke",7,15.7147045135498,3.36407923698425,516,255,0.982558139534884,507,1039,662,0.494186046511628,72.1511627906977,327,9,2
"147",2017-09-01,"Aboke",7,12.0213661193848,2.98956942558289,465,264,1,465,623,472,0.567741935483871,3.9741935483871,268,9,2
"148",2017-09-01,"Awach",4,23.5303688049316,4.25215578079224,593,169,0.996627318718381,591,722,621,0.284991568296796,7.97976391231029,177,9,1
"149",2017-09-01,"Lalogi",4,18.6150302886963,4.12415790557861,1105,312,1,1105,880,1127,0.282352941176471,6.21176470588235,318,9,1
"150",2017-09-01,"Patongo",7,15.1733818054199,5.57717180252075,709,216,0.960507757404795,681,846,754,0.304654442877292,13.7094499294781,230,9,2
"151",2017-09-01,"Atiak",7,20.5344848632812,2.31265354156494,723,500,0.90179806362379,652,902,915,0.691562932226833,132.780082987552,633,9,2
"152",2017-09-01,"Padibe",1,17.6589546203613,3.08440256118774,633,290,0.889415481832543,563,394,642,0.458135860979463,4.12322274881517,294,9,1
"153",2017-09-01,"Namokora",4,15.3273983001709,5.38136529922485,1457,584,0.997940974605353,1454,159,1486,0.400823610157859,11.6238846945779,596,9,1
"154",2017-10-01,"Aduku",5,9.38681602478027,11.061279296875,587,133,0.902896081771721,530,1343,676,0.226575809199319,20.1652470187394,153,10,1
"155",2017-10-01,"Anyeke",8,9.56033611297607,15.7147045135498,673,291,0.992570579494799,668,1078,740,0.432392273402675,28.9702823179792,320,10,2
"156",2017-10-01,"Aboke",8,11.6724119186401,12.0213661193848,735,322,0.991836734693878,729,557,735,0.438095238095238,0,322,10,2
"157",2017-10-01,"Awach",5,10.3321561813354,23.5303688049316,734,268,0.993188010899183,729,1379,765,0.365122615803815,11.3188010899183,279,10,1
"158",2017-10-01,"Lalogi",5,10.516040802002,18.6150302886963,917,238,1,917,985,942,0.259541984732824,6.48854961832061,244,10,1
"159",2017-10-01,"Patongo",8,17.5677452087402,15.1733818054199,739,220,0.902571041948579,667,802,782,0.297699594046008,12.8010825439783,233,10,2
"160",2017-10-01,"Atiak",8,7.1047306060791,20.5344848632812,1131,643,1,1131,941,1183,0.568523430592396,29.5632183908046,673,10,2
"161",2017-10-01,"Padibe",2,14.0049419403076,17.6589546203613,710,582,0.853521126760563,606,902,725,0.819718309859155,12.2957746478873,594,10,1
"162",2017-10-01,"Namokora",5,12.5801286697388,15.3273983001709,1804,766,0.996119733924612,1797,319,1809,0.424611973392461,2.12305986696231,768,10,1
"163",2017-11-01,"Aduku",6,10.5305099487305,9.38681602478027,569,86,0.804920913884007,458,1222,663,0.151142355008787,14.207381370826,100,11,2
"164",2017-11-01,"Anyeke",9,9.31070327758789,9.56033611297607,322,180,0.978260869565217,315,575,342,0.559006211180124,11.1801242236025,191,11,2
"165",2017-11-01,"Aboke",9,9.13191986083984,11.6724119186401,590,361,1,590,747,593,0.611864406779661,1.83559322033898,363,11,2
"166",2017-11-01,"Awach",6,8.50438690185547,10.3321561813354,959,289,0.995828988529718,955,1181,979,0.301355578727842,6.02711157455683,295,11,2
"167",2017-11-01,"Lalogi",6,8.81076145172119,10.516040802002,1207,304,0.995028997514499,1201,1488,1219,0.251864125932063,3.02236951118476,307,11,2
"168",2017-11-01,"Patongo",9,10.7619686126709,17.5677452087402,808,181,0.923267326732673,746,702,832,0.224009900990099,5.37623762376238,186,11,2
"169",2017-11-01,"Atiak",9,8.08800983428955,7.1047306060791,742,373,0.997304582210243,740,839,763,0.502695417789757,10.5566037735849,384,11,2
"170",2017-11-01,"Padibe",3,5.89912223815918,14.0049419403076,427,258,0.730679156908665,312,963,438,0.604215456674473,6.6463700234192,265,11,1
"171",2017-11-01,"Namokora",6,8.7198314666748,12.5801286697388,1218,450,0.983579638752053,1198,628,1223,0.369458128078818,1.84729064039409,452,11,2
"172",2017-12-01,"Aduku",7,7.46609210968018,10.5305099487305,339,55,0.592920353982301,201,1078,435,0.162241887905605,15.5752212389381,71,12,2
"173",2017-12-01,"Anyeke",10,6.64344310760498,9.31070327758789,138,75,0.978260869565217,135,346,159,0.543478260869565,11.4130434782609,86,12,2
"174",2017-12-01,"Aboke",10,6.81588459014893,9.13191986083984,304,180,0.996710526315789,303,565,307,0.592105263157895,1.77631578947368,182,12,2
"175",2017-12-01,"Awach",7,3.97166633605957,8.50438690185547,462,114,1,462,912,485,0.246753246753247,5.67532467532468,120,12,2
"176",2017-12-01,"Lalogi",7,6.16884613037109,8.81076145172119,715,114,0.998601398601399,714,688,732,0.159440559440559,2.71048951048951,117,12,2
"177",2017-12-01,"Patongo",10,9.1161527633667,10.7619686126709,464,88,0.969827586206897,450,523,485,0.189655172413793,3.98275862068965,92,12,2
"178",2017-12-01,"Atiak",10,3.6611795425415,8.08800983428955,462,181,0.997835497835498,461,712,470,0.391774891774892,3.13419913419913,184,12,2
"179",2017-12-01,"Padibe",4,5.41009330749512,5.89912223815918,316,78,0.860759493670886,272,467,316,0.246835443037975,0,78,12,1
"180",2017-12-01,"Namokora",7,6.67500352859497,8.7198314666748,589,149,0.932088285229202,549,305,594,0.252971137521222,1.26485568760611,150,12,2
"181",2018-01-01,"Aduku",8,12.8788166046143,7.46609210968018,497,60,0.774647887323944,385,1286,517,0.120724346076459,2.41448692152917,62,1,2
"182",2018-01-01,"Anyeke",11,7.92832374572754,6.64344310760498,282,103,0.99290780141844,280,918,306,0.365248226950355,8.76595744680851,112,1,2
"183",2018-01-01,"Aboke",11,7.46721220016479,6.81588459014893,180,99,1,180,739,183,0.55,1.65,101,1,2
"184",2018-01-01,"Awach",8,7.98847103118896,3.97166633605957,480,71,0.995833333333333,478,971,527,0.147916666666667,6.95208333333333,78,1,2
"185",2018-01-01,"Lalogi",8,7.63021993637085,6.16884613037109,648,97,1,648,946,656,0.149691358024691,1.19753086419753,98,1,2
"186",2018-01-01,"Patongo",11,7.92351245880127,9.1161527633667,437,78,0.844393592677345,369,688,453,0.178489702517162,2.8558352402746,81,1,2
"187",2018-01-01,"Atiak",11,2.29527020454407,3.6611795425415,406,142,1,406,1053,424,0.349753694581281,6.29556650246305,148,1,2
"188",2018-01-01,"Padibe",5,11.7087955474854,5.41009330749512,314,60,0.792993630573248,249,861,314,0.191082802547771,0,60,1,1
"189",2018-01-01,"Namokora",8,11.3420124053955,6.67500352859497,508,66,0.71259842519685,362,552,510,0.12992125984252,0.259842519685039,66,1,2
"190",2018-02-01,"Aduku",9,7.33997631072998,12.8788166046143,375,43,0.72,270,1093,386,0.114666666666667,1.26133333333333,44,2,2
"191",2018-02-01,"Anyeke",12,5.31697750091553,7.92832374572754,368,85,0.964673913043478,355,972,372,0.230978260869565,0.923913043478261,86,2,2
"192",2018-02-01,"Aboke",12,6.99512243270874,7.46721220016479,162,91,1,162,662,162,0.561728395061728,0,91,2,2
"193",2018-02-01,"Awach",9,3.78553199768066,7.98847103118896,349,77,1,349,1176,363,0.220630372492837,3.08882521489971,80,2,2
"194",2018-02-01,"Lalogi",9,5.4974193572998,7.63021993637085,577,58,1,577,933,582,0.10051993067591,0.502599653379549,59,2,2
"195",2018-02-01,"Patongo",12,6.03915023803711,7.92351245880127,594,74,0.813131313131313,483,529,624,0.124579124579125,3.73737373737374,78,2,2
"196",2018-02-01,"Atiak",12,4.44901132583618,2.29527020454407,206,76,0.990291262135922,204,782,216,0.368932038834951,3.68932038834951,80,2,2
"197",2018-02-01,"Padibe",6,4.03996467590332,11.7087955474854,443,77,0.35665914221219,158,1241,443,0.173814898419865,0,77,2,2
"198",2018-02-01,"Namokora",9,4.14744091033936,11.3420124053955,535,82,0.968224299065421,518,556,543,0.153271028037383,1.22616822429907,83,2,2
"199",2018-03-01,"Aduku",10,8.92753124237061,7.33997631072998,431,53,0.784222737819026,338,1248,446,0.122969837587007,1.8445475638051,55,3,2
"200",2018-03-01,"Anyeke",13,9.34972190856934,5.31697750091553,353,109,0.997167138810198,352,1008,356,0.308781869688385,0.926345609065156,110,3,3
"201",2018-03-01,"Aboke",13,6.32783794403076,6.99512243270874,146,86,1,146,607,148,0.589041095890411,1.17808219178082,87,3,3
"202",2018-03-01,"Awach",10,10.1389961242676,3.78553199768066,600,120,1,600,1176,621,0.2,4.2,124,3,2
"203",2018-03-01,"Lalogi",10,9.37178993225098,5.4974193572998,554,75,1,554,1135,554,0.135379061371841,0,75,3,2
"204",2018-03-01,"Patongo",13,8.09534931182861,6.03915023803711,561,60,0.909090909090909,510,690,599,0.106951871657754,4.06417112299465,64,3,3
"205",2018-03-01,"Atiak",13,7.25096464157104,4.44901132583618,413,96,0.997578692493947,412,824,415,0.232445520581114,0.464891041162228,96,3,3
"206",2018-03-01,"Padibe",7,7.27330017089844,4.03996467590332,818,55,0.865525672371638,708,944,818,0.0672371638141809,0,55,3,2
"207",2018-03-01,"Namokora",10,6.40165901184082,4.14744091033936,711,103,0.980309423347398,697,828,714,0.144866385372714,0.434599156118143,103,3,2
"208",2018-04-01,"Aduku",11,18.8283653259277,8.92753124237061,539,72,0.738404452690167,398,1206,554,0.133580705009276,2.00371057513915,74,4,2
"209",2018-04-01,"Anyeke",14,18.230094909668,9.34972190856934,627,315,0.988835725677831,620,974,629,0.502392344497608,1.00478468899522,316,4,3
"210",2018-04-01,"Aboke",14,19.956672668457,6.32783794403076,652,507,0.998466257668712,651,789,652,0.77760736196319,0,507,4,3
"211",2018-04-01,"Awach",11,11.7105884552002,10.1389961242676,753,171,0.99867197875166,752,1089,780,0.227091633466135,6.13147410358566,177,4,2
"212",2018-04-01,"Lalogi",11,17.0592212677002,9.37178993225098,716,138,0.994413407821229,712,999,716,0.192737430167598,0,138,4,2
"213",2018-04-01,"Patongo",14,22.3029708862305,8.09534931182861,591,80,0.835871404399323,494,503,609,0.135363790186125,2.43654822335025,82,4,3
"214",2018-04-01,"Atiak",14,10.6578903198242,7.25096464157104,457,125,1,457,808,477,0.273522975929978,5.47045951859956,130,4,3
"215",2018-04-01,"Padibe",8,11.3832302093506,7.27330017089844,818,68,1,818,767,818,0.0831295843520782,0,68,4,2
"216",2018-04-01,"Namokora",11,15.7826976776123,6.40165901184082,703,141,0.945945945945946,665,726,707,0.200568990042674,0.802275960170697,142,4,2
"217",2018-05-01,"Aduku",12,9.03575706481934,18.8283653259277,699,145,0.646638054363376,452,1467,704,0.207439198855508,1.03719599427754,146,5,2
"218",2018-05-01,"Anyeke",15,8.77755165100098,18.230094909668,806,457,0.98014888337469,790,1278,810,0.566997518610422,2.26799007444169,459,5,3
"219",2018-05-01,"Aboke",15,9.24093246459961,19.956672668457,1159,869,0.962036238136324,1115,849,1161,0.749784296807593,1.49956859361519,870,5,3
"220",2018-05-01,"Awach",12,6.04925584793091,11.7105884552002,876,299,0.998858447488584,875,1193,907,0.341324200913242,10.5810502283105,310,5,2
"221",2018-05-01,"Lalogi",12,9.36910438537598,17.0592212677002,1201,432,0.998334721065778,1199,1383,1203,0.35970024979184,0.71940049958368,433,5,2
"222",2018-05-01,"Patongo",15,12.7215433120728,22.3029708862305,602,77,0.843853820598007,508,630,617,0.127906976744186,1.91860465116279,79,5,3
"223",2018-05-01,"Atiak",15,4.6955304145813,10.6578903198242,587,284,0.998296422487223,586,858,598,0.48381601362862,5.32197614991482,289,5,3
"224",2018-05-01,"Padibe",9,8.58634853363037,11.3832302093506,433,82,0.997690531177829,432,1007,434,0.189376443418014,0.189376443418014,82,5,2
"225",2018-05-01,"Namokora",12,11.1658725738525,15.7826976776123,745,156,0.926174496644295,690,645,748,0.209395973154362,0.628187919463087,157,5,2
"226",2018-06-01,"Aduku",13,6.21609401702881,9.03575706481934,468,100,0.63034188034188,295,1265,480,0.213675213675214,2.56410256410256,103,6,3
"227",2018-06-01,"Anyeke",16,6.5289158821106,8.77755165100098,892,590,0.987668161434978,881,1017,896,0.661434977578475,2.6457399103139,593,6,3
"228",2018-06-01,"Aboke",16,6.26883983612061,9.24093246459961,922,746,0.918655097613883,847,646,926,0.809110629067245,3.23644251626898,749,6,3
"229",2018-06-01,"Awach",13,5.53380966186523,6.04925584793091,1025,546,0.999024390243902,1024,1090,1091,0.532682926829268,35.1570731707317,581,6,3
"230",2018-06-01,"Lalogi",13,6.5508918762207,9.36910438537598,1513,751,1,1513,874,1513,0.496364838070059,0,751,6,3
"231",2018-06-01,"Patongo",16,7.99244689941406,12.7215433120728,457,82,0.929978118161926,425,619,502,0.179431072210066,8.07439824945295,90,6,3
"232",2018-06-01,"Atiak",16,4.25850009918213,4.6955304145813,712,357,0.997191011235955,710,705,732,0.501404494382023,10.0280898876404,367,6,3
"233",2018-06-01,"Padibe",10,6.42481231689453,8.58634853363037,580,81,0.998275862068966,579,1126,584,0.139655172413793,0.558620689655172,82,6,2
"234",2018-06-01,"Namokora",13,7.99138450622559,11.1658725738525,980,326,0.970408163265306,951,517,987,0.33265306122449,2.32857142857143,328,6,3
"235",2018-07-01,"Aduku",14,1.44271790981293,6.21609401702881,567,126,0.301587301587302,171,1617,582,0.222222222222222,3.33333333333333,129,7,3
"236",2018-07-01,"Anyeke",17,0.850585460662842,6.5289158821106,764,429,0.981675392670157,750,1143,771,0.56151832460733,3.93062827225131,433,7,3
"237",2018-07-01,"Aboke",17,0.95256507396698,6.26883983612061,935,782,0.964705882352941,902,994,939,0.836363636363636,3.34545454545455,785,7,3
"238",2018-07-01,"Awach",14,0.467149972915649,5.53380966186523,1324,761,0.999244712990937,1323,1324,1358,0.574773413897281,19.5422960725076,781,7,3
"239",2018-07-01,"Lalogi",14,0.923925995826721,6.5508918762207,1513,699,1,1513,1094,1513,0.461996034368804,0,699,7,3
"240",2018-07-01,"Patongo",17,1.10258078575134,7.99244689941406,893,255,0.936170212765957,836,849,919,0.28555431131019,7.42441209406495,262,7,3
"241",2018-07-01,"Atiak",17,0.550367116928101,4.25850009918213,1170,628,0.999145299145299,1169,1008,1199,0.536752136752137,15.565811965812,644,7,3
"242",2018-07-01,"Padibe",11,2.91892242431641,6.42481231689453,670,113,0.995522388059702,667,1511,672,0.16865671641791,0.337313432835821,113,7,2
"243",2018-07-01,"Namokora",14,1.60372853279114,7.99138450622559,1520,756,0.982894736842105,1494,690,1532,0.497368421052632,5.96842105263158,762,7,3
"244",2018-08-01,"Aduku",15,10.4156713485718,1.44271790981293,707,180,0.263083451202263,186,1231,716,0.254596888260255,2.29137199434229,182,8,3
"245",2018-08-01,"Anyeke",18,9.24968147277832,0.850585460662842,709,412,0.942172073342736,668,895,710,0.581100141043724,0.581100141043724,413,8,3
"246",2018-08-01,"Aboke",18,10.4754638671875,0.95256507396698,446,292,0.643497757847534,287,482,447,0.654708520179372,0.654708520179372,293,8,3
"247",2018-08-01,"Awach",15,9.44932842254639,0.467149972915649,1050,678,0.995238095238095,1045,1031,1099,0.645714285714286,31.64,710,8,3
"248",2018-08-01,"Lalogi",15,11.7187213897705,0.923925995826721,1058,565,0.995274102079395,1053,959,1060,0.534026465028355,1.06805293005671,566,8,3
"249",2018-08-01,"Patongo",18,16.9278087615967,1.10258078575134,904,477,0.954646017699115,863,399,942,0.527654867256637,20.0508849557522,497,8,3
"250",2018-08-01,"Atiak",18,9.25611305236816,0.550367116928101,1097,715,0.989061075660893,1085,1021,1110,0.651777575205105,8.47310847766636,723,8,3
"251",2018-08-01,"Padibe",12,17.1981868743896,2.91892242431641,605,140,0.993388429752066,601,1098,605,0.231404958677686,0,140,8,2
"252",2018-08-01,"Namokora",15,16.4798641204834,1.60372853279114,1263,816,0.967537608867775,1222,486,1269,0.646080760095012,3.87648456057007,820,8,3
"253",2018-09-01,"Aduku",16,7.83582544326782,10.4156713485718,636,130,0.124213836477987,79,1206,645,0.20440251572327,1.83962264150943,132,9,3
"254",2018-09-01,"Anyeke",19,10.0014896392822,9.24968147277832,478,277,0.9581589958159,458,920,478,0.579497907949791,0,277,9,3
"255",2018-09-01,"Aboke",19,9.66268062591553,10.4754638671875,472,338,0.99364406779661,469,696,472,0.716101694915254,0,338,9,3
"256",2018-09-01,"Awach",16,13.5021953582764,9.44932842254639,629,347,0.888712241653418,559,1150,720,0.551669316375199,50.2019077901431,397,9,3
"257",2018-09-01,"Lalogi",16,11.0054054260254,11.7187213897705,985,372,0.966497461928934,952,1068,985,0.377664974619289,0,372,9,3
"258",2018-09-01,"Patongo",19,16.9637489318848,16.9278087615967,910,496,0.949450549450549,864,697,920,0.545054945054945,5.45054945054945,501,9,3
"259",2018-09-01,"Atiak",19,17.8889694213867,9.25611305236816,887,642,0.994363021420519,882,841,887,0.723788049605412,0,642,9,3
"260",2018-09-01,"Padibe",13,9.98861026763916,17.1981868743896,472,92,0.995762711864407,470,989,472,0.194915254237288,0,92,9,3
"261",2018-09-01,"Namokora",16,13.5667133331299,16.4798641204834,1102,651,0.978221415607985,1078,516,1106,0.590744101633394,2.36297640653358,653,9,3
"262",2018-10-01,"Aduku",17,22.8373870849609,7.83582544326782,971,288,0.216271884654995,210,1667,987,0.296601441812564,4.74562306900103,293,10,3
"263",2018-10-01,"Anyeke",20,17.2405319213867,10.0014896392822,557,339,0.935368043087971,521,1206,557,0.608617594254937,0,339,10,3
"264",2018-10-01,"Aboke",20,21.5692558288574,9.66268062591553,835,498,0.996407185628743,832,794,838,0.596407185628743,1.78922155688623,500,10,3
"265",2018-10-01,"Awach",17,11.6174459457397,13.5021953582764,1018,475,1,1018,1089,1037,0.466601178781925,8.86542239685658,484,10,3
"266",2018-10-01,"Lalogi",17,17.0308055877686,11.0054054260254,883,310,0.98074745186863,866,1205,883,0.351075877689694,0,310,10,3
"267",2018-10-01,"Patongo",20,29.7642135620117,16.9637489318848,852,360,0.915492957746479,780,565,859,0.422535211267606,2.95774647887324,363,10,3
"268",2018-10-01,"Atiak",20,6.22146224975586,17.8889694213867,778,515,0.994858611825193,774,724,785,0.661953727506427,4.63367609254499,520,10,3
"269",2018-10-01,"Padibe",14,18.151252746582,9.98861026763916,417,68,1,417,1117,418,0.163069544364508,0.163069544364508,68,10,3
"270",2018-10-01,"Namokora",17,19.3089828491211,13.5667133331299,1229,573,0.985353946297803,1211,463,1230,0.466232709519935,0.466232709519935,573,10,3
"271",2018-11-01,"Aduku",18,11.7148761749268,22.8373870849609,1278,353,0.223787167449139,286,1592,1281,0.276212832550861,0.828638497652582,354,11,3
"272",2018-11-01,"Anyeke",21,9.57755947113037,17.2405319213867,759,449,0.977602108036891,742,1642,759,0.591567852437418,0,449,11,3
"273",2018-11-01,"Aboke",21,10.8123226165771,21.5692558288574,779,470,0.993581514762516,774,1009,781,0.603337612323492,1.20667522464698,471,11,3
"274",2018-11-01,"Awach",18,7.23062515258789,11.6174459457397,1196,724,0.994147157190635,1189,1319,1236,0.605351170568562,24.2140468227425,748,11,3
"275",2018-11-01,"Lalogi",18,8.80606365203857,17.0308055877686,857,350,0.977829638273045,838,1608,857,0.408401400233372,0,350,11,3
"276",2018-11-01,"Patongo",21,10.4756231307983,29.7642135620117,951,344,0.929547844374343,884,677,952,0.361724500525762,0.361724500525762,344,11,3
"277",2018-11-01,"Atiak",21,8.39926052093506,6.22146224975586,880,594,0.989772727272727,871,820,882,0.675,1.35,595,11,3
"278",2018-11-01,"Padibe",15,5.71966934204102,18.151252746582,498,64,0.991967871485944,494,1033,498,0.1285140562249,0,64,11,3
"279",2018-11-01,"Namokora",18,9.80893802642822,19.3089828491211,892,363,0.974215246636771,869,629,892,0.40695067264574,0,363,11,3
"280",2018-12-01,"Aduku",19,5.89977264404297,11.7148761749268,724,266,0.19475138121547,141,780,727,0.367403314917127,1.10220994475138,267,12,3
"281",2018-12-01,"Anyeke",22,6.14445972442627,9.57755947113037,621,468,0.98389694041868,611,829,622,0.753623188405797,0.753623188405797,469,12,3
"282",2018-12-01,"Aboke",22,6.24112510681152,10.8123226165771,659,367,0.98937784522003,652,460,659,0.55690440060698,0,367,12,3
"283",2018-12-01,"Awach",19,3.66626834869385,7.23062515258789,972,665,0.998971193415638,971,753,1026,0.684156378600823,36.9444444444444,702,12,3
"284",2018-12-01,"Lalogi",19,5.85570001602173,8.80606365203857,807,375,0.997521685254027,805,701,809,0.464684014869888,0.929368029739777,376,12,3
"285",2018-12-01,"Patongo",22,4.61794281005859,10.4756231307983,667,272,0.950524737631184,634,451,668,0.407796101949025,0.407796101949025,272,12,3
"286",2018-12-01,"Atiak",22,2.9535813331604,8.39926052093506,848,566,1,848,602,855,0.667452830188679,4.67216981132075,571,12,3
"287",2018-12-01,"Padibe",16,5.37020349502563,5.71966934204102,304,63,0.993421052631579,302,697,304,0.207236842105263,0,63,12,3
"288",2018-12-01,"Namokora",19,3.49270057678223,9.80893802642822,676,314,0.973372781065089,658,848,679,0.464497041420118,1.39349112426035,315,12,3
"289",2019-01-01,"Aduku",20,13.1850242614746,5.89977264404297,996,382,0.55421686746988,552,1394,997,0.383534136546185,0.383534136546185,382,1,3
"290",2019-01-01,"Anyeke",23,7.69074726104736,6.14445972442627,1045,783,0.955980861244019,999,1304,1050,0.749282296650718,3.74641148325359,787,1,4
"291",2019-01-01,"Aboke",23,8.30563831329346,6.24112510681152,839,667,0.976162097735399,819,1032,840,0.794994040524434,0.794994040524434,668,1,4
"292",2019-01-01,"Awach",20,6.09484386444092,3.66626834869385,1273,914,1,1273,1094,1323,0.717989002356638,35.8994501178319,950,1,3
"293",2019-01-01,"Lalogi",20,6.75776672363281,5.85570001602173,1334,626,0.899550224887556,1200,1183,1334,0.469265367316342,0,626,1,3
"294",2019-01-01,"Patongo",23,8.21907520294189,4.61794281005859,1155,482,0.935064935064935,1080,767,1158,0.417316017316017,1.25194805194805,483,1,4
"295",2019-01-01,"Atiak",23,1.64723181724548,2.9535813331604,1076,769,0.99814126394052,1074,1082,1081,0.714684014869889,3.57342007434944,773,1,4
"296",2019-01-01,"Padibe",17,9.17872142791748,5.37020349502563,507,109,0.98422090729783,499,909,508,0.214990138067061,0.214990138067061,109,1,3
"297",2019-01-01,"Namokora",20,8.71078681945801,3.49270057678223,1063,469,0.973659454374412,1035,990,1078,0.441204139228598,6.61806208842897,476,1,3
"298",2019-02-01,"Aduku",21,6.24231100082397,13.1850242614746,843,199,0.225385527876631,190,900,844,0.236061684460261,0.236061684460261,199,2,3
"299",2019-02-01,"Anyeke",24,4.02810573577881,7.69074726104736,599,387,0.881469115191987,528,1030,602,0.646076794657763,1.93823038397329,389,2,4
"300",2019-02-01,"Aboke",24,5.53395843505859,8.30563831329346,794,627,0.994962216624685,790,785,796,0.789672544080604,1.57934508816121,629,2,4
"301",2019-02-01,"Awach",21,2.60637378692627,6.09484386444092,941,643,0.997874601487779,939,1111,981,0.683315621679065,27.3326248671626,670,2,3
"302",2019-02-01,"Lalogi",21,4.16676235198975,6.75776672363281,1034,444,0.988394584139265,1022,1101,1034,0.429400386847195,0,444,2,3
"303",2019-02-01,"Patongo",24,4.40685653686523,8.21907520294189,887,348,0.947012401352875,840,657,890,0.392333709131905,1.17700112739572,349,2,4
"304",2019-02-01,"Atiak",24,3.92053556442261,1.64723181724548,588,309,0.993197278911565,584,795,589,0.525510204081633,0.525510204081633,310,2,4
"305",2019-02-01,"Padibe",18,2.69046688079834,9.17872142791748,432,66,0.99537037037037,430,1001,440,0.152777777777778,1.22222222222222,67,2,3
"306",2019-02-01,"Namokora",21,2.26966381072998,8.71078681945801,582,176,0.93298969072165,543,736,589,0.302405498281787,2.11683848797251,178,2,3
"307",2019-03-01,"Aduku",22,27.1607055664062,6.24231100082397,623,119,0.415730337078652,259,1020,623,0.191011235955056,0,119,3,3
"308",2019-03-01,"Anyeke",25,22.8171081542969,4.02810573577881,671,436,0.959761549925484,644,985,675,0.649776453055142,2.59910581222057,439,3,4
"309",2019-03-01,"Aboke",25,21.2509689331055,5.53395843505859,731,440,0.993160054719562,726,672,731,0.601915184678523,0,440,3,4
"310",2019-03-01,"Awach",22,28.8255500793457,2.60637378692627,884,612,0.941176470588235,832,1316,1031,0.692307692307692,101.769230769231,714,3,3
"311",2019-03-01,"Lalogi",22,24.7065238952637,4.16676235198975,1021,569,0.988246816846229,1009,888,1023,0.557296767874633,1.11459353574927,570,3,3
"312",2019-03-01,"Patongo",25,22.1749153137207,4.40685653686523,873,223,0.9553264604811,834,542,873,0.255441008018328,0,223,3,4
"313",2019-03-01,"Atiak",25,24.1823844909668,3.92053556442261,462,218,0.995670995670996,460,880,467,0.471861471861472,2.35930735930736,220,3,4
"314",2019-03-01,"Padibe",19,26.4922790527344,2.69046688079834,521,83,0.990403071017274,516,957,521,0.159309021113244,0,83,3,3
"315",2019-03-01,"Namokora",22,15.633020401001,2.26966381072998,561,131,0.96969696969697,544,878,567,0.233511586452763,1.40106951871658,132,3,3
"316",2019-04-01,"Aduku",23,13.2408113479614,27.1607055664062,613,132,0.504078303425775,309,1017,613,0.215334420880914,0,132,4,4
"317",2019-04-01,"Anyeke",26,10.7604560852051,22.8171081542969,802,579,0.915211970074813,734,1213,803,0.721945137157107,0.721945137157107,580,4,4
"318",2019-04-01,"Aboke",26,12.1806888580322,21.2509689331055,1240,759,0.978225806451613,1213,689,1241,0.612096774193548,0.612096774193548,760,4,4
"319",2019-04-01,"Awach",23,6.81024932861328,28.8255500793457,1052,661,0.918250950570342,966,1012,1092,0.628326996197719,25.1330798479087,686,4,4
"320",2019-04-01,"Lalogi",23,11.3349838256836,24.7065238952637,1203,873,0.98669991687448,1187,1083,1204,0.72568578553616,0.72568578553616,874,4,4
"321",2019-04-01,"Patongo",26,15.7077856063843,22.1749153137207,690,132,0.971014492753623,670,411,693,0.191304347826087,0.573913043478261,133,4,4
"322",2019-04-01,"Atiak",26,5.57629632949829,24.1823844909668,396,161,1,396,835,403,0.406565656565657,2.8459595959596,164,4,4
"323",2019-04-01,"Padibe",20,7.20412683486938,26.4922790527344,469,109,0.995735607675906,467,1026,469,0.232409381663113,0,109,4,3
"324",2019-04-01,"Namokora",23,8.9523983001709,15.633020401001,437,102,0.981693363844394,429,810,438,0.233409610983982,0.233409610983982,102,4,4
"325",2019-05-01,"Aduku",24,5.56814002990723,13.2408113479614,1310,624,0.482442748091603,632,1197,1313,0.476335877862595,1.42900763358779,625,5,4
"326",2019-05-01,"Anyeke",27,5.02680969238281,10.7604560852051,1682,1390,0.957788347205707,1611,1180,1683,0.826397146254459,0.826397146254459,1391,5,4
"327",2019-05-01,"Aboke",27,5.09017658233643,12.1806888580322,1955,1446,0.930946291560102,1820,630,1956,0.739641943734015,0.739641943734015,1447,5,4
"328",2019-05-01,"Awach",24,3.82717084884644,6.81024932861328,2062,1793,0.885063045586809,1825,1057,2109,0.869544131910766,40.868574199806,1834,5,4
"329",2019-05-01,"Lalogi",24,5.37521982192993,11.3349838256836,2588,2154,0.980293663060278,2537,853,2589,0.832302936630603,0.832302936630603,2155,5,4
"330",2019-05-01,"Patongo",27,6.00816535949707,15.7077856063843,1480,789,0.952027027027027,1409,406,1482,0.533108108108108,1.06621621621622,790,5,4
"331",2019-05-01,"Atiak",27,3.64808630943298,5.57629632949829,1023,857,0.999022482893451,1022,521,1023,0.837732160312806,0,857,5,4
"332",2019-05-01,"Padibe",21,4.69032049179077,7.20412683486938,1106,636,1,1106,816,1106,0.5750452079566,0,636,5,3
"333",2019-05-01,"Namokora",24,6.29609870910645,8.9523983001709,1095,510,0.987214611872146,1081,641,1097,0.465753424657534,0.931506849315068,511,5,4
"334",2019-06-01,"Aduku",25,6.07698822021484,5.56814002990723,2782,1986,0.740833932422717,2061,830,2788,0.713874910136592,4.28324946081955,1990,6,4
"335",2019-06-01,"Anyeke",28,4.9992036819458,5.02680969238281,2225,1828,0.966292134831461,2150,1067,2226,0.821573033707865,0.821573033707865,1829,6,4
"336",2019-06-01,"Aboke",28,5.25472354888916,5.09017658233643,1995,1823,0.935338345864662,1866,610,2008,0.913784461152882,11.8791979949875,1835,6,4
"337",2019-06-01,"Awach",25,3.94629859924316,3.82717084884644,2079,1745,0.773929773929774,1609,959,2147,0.839345839345839,57.0755170755171,1802,6,4
"338",2019-06-01,"Lalogi",25,4.59576416015625,5.37521982192993,2034,1612,0.928711897738446,1889,646,2036,0.792527040314651,1.5850540806293,1614,6,4
"339",2019-06-01,"Patongo",28,5.43611574172974,6.00816535949707,2389,1890,0.986605274173294,2357,300,2395,0.791125994139807,4.74675596483884,1895,6,4
"340",2019-06-01,"Atiak",28,3.11380624771118,3.64808630943298,1484,1245,1,1484,644,1485,0.838948787061995,0.838948787061995,1246,6,4
"341",2019-06-01,"Padibe",22,3.66481804847717,4.69032049179077,2778,2198,0.998200143988481,2773,519,2778,0.791216702663787,0,2198,6,3
"342",2019-06-01,"Namokora",25,3.89093470573425,6.29609870910645,2910,2276,0.994501718213058,2894,274,2912,0.78213058419244,1.56426116838488,2278,6,4
"343",2019-07-01,"Aduku",26,3.85751056671143,6.07698822021484,3370,2552,0.662314540059347,2232,952,3380,0.75727002967359,7.5727002967359,2560,7,4
"344",2019-07-01,"Anyeke",29,2.5650782585144,4.9992036819458,2937,2441,0.943139257745999,2770,1574,2940,0.831120190670752,2.49336057201226,2443,7,4
"345",2019-07-01,"Aboke",29,2.94311857223511,5.25472354888916,2560,2339,0.955859375,2447,933,2579,0.913671875,17.359765625,2356,7,4
"346",2019-07-01,"Awach",26,1.34757018089294,3.94629859924316,2276,1951,0.962214411247803,2190,1275,2421,0.857205623901582,124.294815465729,2075,7,4
"347",2019-07-01,"Lalogi",26,2.69291758537292,4.59576416015625,3124,2465,0.958066581306018,2993,1067,3126,0.789052496798976,1.57810499359795,2467,7,4
"348",2019-07-01,"Patongo",29,4.82161378860474,5.43611574172974,3175,2658,0.994015748031496,3156,283,3176,0.837165354330709,0.837165354330709,2659,7,4
"349",2019-07-01,"Atiak",29,1.01187610626221,3.11380624771118,1550,1295,0.995483870967742,1543,734,1551,0.835483870967742,0.835483870967742,1296,7,4
"350",2019-07-01,"Padibe",23,5.99862575531006,3.66481804847717,3337,2706,0.994905603835781,3320,479,3337,0.810908001198681,0,2706,7,4
"351",2019-07-01,"Namokora",26,4.94476890563965,3.89093470573425,2598,1990,0.948865820838139,2468,530,2607,0.765973826020015,6.89376443418014,1997,7,4
"352",2019-08-01,"Aduku",27,5.43346118927002,3.85751056671143,2086,1545,0.921860019175455,1923,648,2087,0.74065196548418,0.74065196548418,1546,8,4
"353",2019-08-01,"Anyeke",30,3.35672330856323,2.5650782585144,2429,1987,0.974475092630712,2367,1054,2433,0.818032111980239,3.27212844792095,1990,8,4
"354",2019-08-01,"Aboke",30,4.00404167175293,2.94311857223511,1118,973,0.978533094812165,1094,437,1127,0.870304114490161,7.83273703041145,981,8,4
"355",2019-08-01,"Awach",27,4.25002765655518,1.34757018089294,1965,1560,1,1965,1292,2097,0.793893129770992,104.793893129771,1665,8,4
"356",2019-08-01,"Lalogi",27,4.51954793930054,2.69291758537292,2198,1678,0.971337579617834,2135,871,2201,0.763421292083712,2.29026387625114,1680,8,4
"357",2019-08-01,"Patongo",30,6.98058748245239,4.82161378860474,1920,1578,0.974479166666667,1871,292,1920,0.821875,0,1578,8,4
"358",2019-08-01,"Atiak",30,2.82722687721252,1.01187610626221,1270,1085,0.994488188976378,1263,908,1270,0.854330708661417,0,1085,8,4
"359",2019-08-01,"Padibe",24,4.14361572265625,5.99862575531006,2313,1994,0.998702983138781,2310,347,2313,0.862083873757026,0,1994,8,4
"360",2019-08-01,"Namokora",27,5.68194770812988,4.94476890563965,2484,2051,0.942028985507246,2340,561,2501,0.825684380032206,14.0366344605475,2065,8,4
"361",2019-09-01,"Aduku",28,13.1847915649414,5.43346118927002,2087,1371,0.69142309535218,1443,766,2091,0.656923814087207,2.62769525634883,1374,9,4
"362",2019-09-01,"Anyeke",31,13.7764015197754,3.35672330856323,1889,1467,0.956590788777131,1807,1323,1892,0.776601376389624,2.32980412916887,1469,9,4
"363",2019-09-01,"Aboke",31,13.3477277755737,4.00404167175293,1539,1162,0.976608187134503,1503,527,1542,0.755035737491878,2.26510721247563,1164,9,4
"364",2019-09-01,"Awach",28,15.2199544906616,4.25002765655518,1854,1273,1,1854,1210,1906,0.686623516720604,35.7044228694714,1309,9,4
"365",2019-09-01,"Lalogi",28,16.3943214416504,4.51954793930054,1733,1216,0.989613387189844,1715,655,1736,0.701673398730525,2.10502019619158,1218,9,4
"366",2019-09-01,"Patongo",31,25.8890190124512,6.98058748245239,2230,1728,0.987443946188341,2202,343,2231,0.774887892376682,0.774887892376682,1729,9,4
"367",2019-09-01,"Atiak",31,13.3906574249268,2.82722687721252,1066,857,0.99906191369606,1065,769,1066,0.803939962476548,0,857,9,4
"368",2019-09-01,"Padibe",25,12.1248617172241,4.14361572265625,2165,1814,0.998614318706697,2162,458,2165,0.837875288683603,0,1814,9,4
"369",2019-09-01,"Namokora",28,17.6534881591797,5.68194770812988,1902,1483,0.890115667718191,1693,442,1906,0.779705573080967,3.11882229232387,1486,9,4
"370",2019-10-01,"Aduku",29,15.7396793365479,13.1847915649414,1839,1289,0.929853181076672,1710,696,1839,0.700924415443176,0,1289,10,4
"371",2019-10-01,"Anyeke",32,18.6029586791992,13.7764015197754,1788,1200,0.921140939597315,1647,1493,1790,0.671140939597315,1.34228187919463,1201,10,5
"372",2019-10-01,"Aboke",32,19.5703220367432,13.3477277755737,1746,1215,0.914089347079038,1596,633,1757,0.695876288659794,7.65463917525773,1223,10,5
"373",2019-10-01,"Awach",29,16.2895736694336,15.2199544906616,1724,1284,0.999419953596288,1723,1286,1757,0.744779582366589,24.5777262180974,1309,10,4
"374",2019-10-01,"Lalogi",29,19.4917049407959,16.3943214416504,1875,1256,0.969066666666667,1817,1034,1880,0.669866666666667,3.34933333333333,1259,10,4
"375",2019-10-01,"Patongo",32,25.0282554626465,25.8890190124512,1272,892,0.992138364779874,1262,274,1273,0.70125786163522,0.70125786163522,893,10,5
"376",2019-10-01,"Atiak",32,10.3970355987549,13.3906574249268,1197,907,0.982456140350877,1176,739,1201,0.757727652464495,3.03091060985798,910,10,5
"377",2019-10-01,"Padibe",26,22.7187423706055,12.1248617172241,2017,1514,0.997025285076847,2011,482,2017,0.750619732275657,0,1514,10,4
"378",2019-10-01,"Namokora",29,20.179859161377,17.6534881591797,2199,1548,0.883128694861301,1942,572,2206,0.703956343792633,4.92769440654843,1553,10,4
"379",2019-11-01,"Aduku",30,14.5507640838623,15.7396793365479,1315,913,0.998479087452471,1313,425,1316,0.694296577946768,0.694296577946768,914,11,4
"380",2019-11-01,"Anyeke",33,11.2741651535034,18.6029586791992,1466,968,0.919508867667121,1348,1157,1467,0.660300136425648,0.660300136425648,969,11,5
"381",2019-11-01,"Aboke",33,11.8187637329102,19.5703220367432,1824,1199,0.966008771929825,1762,475,1826,0.65734649122807,1.31469298245614,1200,11,5
"382",2019-11-01,"Awach",30,11.876293182373,16.2895736694336,1497,994,0.958583834335337,1435,908,1536,0.663994655978624,25.8957915831663,1020,11,4
"383",2019-11-01,"Lalogi",30,10.964991569519,19.4917049407959,1668,1030,0.954436450839328,1592,848,1669,0.617505995203837,0.617505995203837,1031,11,4
"384",2019-11-01,"Patongo",33,19.4903240203857,25.0282554626465,674,476,0.98813056379822,666,195,676,0.706231454005935,1.41246290801187,477,11,5
"385",2019-11-01,"Atiak",33,11.3353672027588,10.3970355987549,1060,699,0.99811320754717,1058,887,1061,0.659433962264151,0.659433962264151,700,11,5
"386",2019-11-01,"Padibe",27,10.7557506561279,22.7187423706055,1485,1014,0.993265993265993,1475,574,1485,0.682828282828283,0,1014,11,4
"387",2019-11-01,"Namokora",30,17.7813262939453,20.179859161377,1049,654,0.955195424213537,1002,345,1061,0.623450905624404,7.48141086749285,661,11,4
"388",2019-12-01,"Aduku",31,8.04409885406494,14.5507640838623,992,681,0.983870967741935,976,419,993,0.686491935483871,0.686491935483871,682,12,4
"389",2019-12-01,"Anyeke",34,7.6335654258728,11.2741651535034,1465,1065,0.934470989761092,1369,1261,1469,0.726962457337884,2.90784982935154,1068,12,5
"390",2019-12-01,"Aboke",34,7.73531246185303,11.8187637329102,1158,843,0.947322970639033,1097,446,1159,0.727979274611399,0.727979274611399,844,12,5
"391",2019-12-01,"Lalogi",31,6.716721534729,10.964991569519,1115,827,0.988340807174888,1102,866,1116,0.741704035874439,0.741704035874439,828,12,4
"392",2019-12-01,"Patongo",34,9.30551910400391,19.4903240203857,1705,1229,0.997067448680352,1700,453,1721,0.720821114369501,11.533137829912,1241,12,5
"393",2019-12-01,"Atiak",34,3.15267276763916,11.3353672027588,1029,689,0.996112730806608,1025,787,1029,0.66958211856171,0,689,12,5
"394",2019-12-01,"Padibe",28,5.49550914764404,10.7557506561279,1243,785,0.996781979082864,1239,549,1243,0.631536604987932,0,785,12,4
"395",2019-12-01,"Namokora",31,6.60542106628418,17.7813262939453,845,424,0.959763313609467,811,359,845,0.501775147928994,0,424,12,4
