"","monthyear_date","site","mths_since_irs_continuous","mths_since_irs","precip","precip_lag","count_previous_irs","count_irs_12_months","count_irs_24_months","tested","cases","proportion_rdt","count_rdt","notsuspect","suspect","tpr","tpr_adj_cases","cases_adjusted","month","time_cat"
"1",2014-01-01,"Nagongera",0,0,24.5157089233398,28.9297142028809,0,0,0,1420,384,0.0274647887323944,39,606,1425,0.270422535211268,1.35211267605634,385,1,0
"2",2014-02-01,"Nagongera",0,0,29.4937629699707,24.5157089233398,0,0,0,757,173,0,0,491,765,0.228533685601057,1.82826948480845,175,2,0
"3",2014-02-01,"Amolatar",0,0,10.7251415252686,14.6893453598022,0,0,0,369,257,0.67479674796748,249,1064,493,0.696476964769648,86.3631436314363,343,2,0
"4",2014-02-01,"Dokolo",0,0,9.3611946105957,19.340404510498,0,0,0,346,232,0.780346820809249,270,689,700,0.670520231213873,237.364161849711,469,2,0
"5",2014-03-01,"Nagongera",0,0,15.1928291320801,29.4937629699707,0,0,0,468,99,0,0,353,474,0.211538461538462,1.26923076923077,100,3,0
"6",2014-03-01,"Amolatar",0,0,7.71145820617676,10.7251415252686,0,0,0,355,155,0.887323943661972,315,975,464,0.436619718309859,47.5915492957746,203,3,0
"7",2014-03-01,"Dokolo",0,0,8.81312942504883,9.3611946105957,0,0,0,473,324,0.864693446088795,409,1234,796,0.684989429175476,221.251585623679,545,3,0
"8",2014-03-01,"Orum",0,0,9.51459217071533,7.93455219268799,0,0,0,673,336,0.463595839524517,312,410,747,0.49925705794948,36.9450222882615,373,3,0
"9",2014-04-01,"Nagongera",0,0,11.0335750579834,15.1928291320801,0,0,0,1039,250,0.0115495668912416,12,584,1042,0.240615976900866,0.721847930702599,251,4,0
"10",2014-04-01,"Amolatar",0,0,8.71240043640137,7.71145820617676,0,0,0,373,122,0.654155495978552,244,902,509,0.327077747989276,44.4825737265416,166,4,0
"11",2014-04-01,"Dokolo",0,0,8.33205699920654,8.81312942504883,0,0,0,281,189,0.97153024911032,273,768,578,0.672597864768683,199.761565836299,389,4,0
"12",2014-04-01,"Orum",0,0,8.29713249206543,9.51459217071533,0,0,0,839,491,0.384982121573302,323,595,910,0.585220500595948,41.5506555423123,533,4,0
"13",2014-05-01,"Nagongera",0,0,25.5013656616211,11.0335750579834,0,0,0,1014,265,0.0641025641025641,65,484,1018,0.261341222879684,1.04536489151874,266,5,0
"14",2014-05-01,"Amolatar",0,0,14.4263162612915,8.71240043640137,0,0,0,544,254,0.832720588235294,453,839,760,0.466911764705882,100.852941176471,355,5,0
"15",2014-05-01,"Dokolo",0,0,15.7489147186279,8.33205699920654,0,0,0,712,588,0.966292134831461,688,1185,1193,0.825842696629214,397.230337078652,985,5,0
"16",2014-05-01,"Orum",0,0,14.7348365783691,8.29713249206543,0,0,0,1021,848,0.519098922624878,530,539,1082,0.830558276199804,50.6640548481881,899,5,0
"17",2014-06-01,"Nagongera",0,0,14.2912950515747,25.5013656616211,0,0,0,1559,358,0.0833867864015394,130,612,1569,0.22963438101347,2.2963438101347,360,6,0
"18",2014-06-01,"Amolatar",0,0,10.4672660827637,14.4263162612915,0,0,0,631,427,0.809825673534073,511,911,1064,0.676703645007924,293.012678288431,720,6,0
"19",2014-06-01,"Dokolo",0,0,11.3020048141479,15.7489147186279,0,0,0,574,515,0.881533101045296,506,739,1232,0.897212543554007,590.365853658537,1105,6,0
"20",2014-06-01,"Orum",0,0,14.5431957244873,14.7348365783691,0,0,0,1008,734,0.438492063492063,442,586,1122,0.728174603174603,83.0119047619048,817,6,0
"21",2014-06-01,"Alebtong",0,0,12.5635538101196,16.0310192108154,0,0,0,888,875,0.989864864864865,879,1189,958,0.98536036036036,68.9752252252252,944,6,0
"22",2014-07-01,"Nagongera",0,0,2.81324768066406,14.2912950515747,0,0,0,1561,314,0.0140935297885971,22,591,1571,0.201153106982703,2.01153106982703,316,7,0
"23",2014-07-01,"Amolatar",0,0,1.32337212562561,10.4672660827637,0,0,0,658,482,0.957446808510638,630,966,674,0.732522796352584,11.7203647416413,494,7,0
"24",2014-07-01,"Dokolo",0,0,2.87083840370178,11.3020048141479,0,0,0,759,615,0.972332015810277,738,1099,1188,0.810276679841897,347.608695652174,963,7,0
"25",2014-07-01,"Orum",0,0,2.9867889881134,14.5431957244873,0,0,0,837,592,0.412186379928315,345,854,843,0.707287933094385,4.24372759856631,596,7,0
"26",2014-07-01,"Alebtong",0,0,3.03064322471619,12.5635538101196,0,0,0,1082,706,0.94731977818854,1025,924,1199,0.652495378927911,76.3419593345656,782,7,0
"27",2014-08-01,"Nagongera",0,0,7.48308038711548,2.81324768066406,0,0,0,1423,323,0.129304286718201,184,560,1429,0.226985242445538,1.36191145467323,324,8,0
"28",2014-08-01,"Amolatar",0,0,5.86898899078369,1.32337212562561,0,0,0,549,393,0.932604735883424,512,973,659,0.715846994535519,78.7431693989071,472,8,0
"29",2014-08-01,"Dokolo",0,0,6.09268093109131,2.87083840370178,0,0,0,644,426,0.902173913043478,581,762,819,0.661490683229814,115.760869565217,542,8,0
"30",2014-08-01,"Orum",0,0,4.91988801956177,2.9867889881134,0,0,0,760,532,0.477631578947368,363,673,761,0.7,0.7,533,8,0
"31",2014-08-01,"Alebtong",0,0,5.08069229125977,3.03064322471619,0,0,0,655,392,0.90381679389313,592,691,731,0.598473282442748,45.4839694656489,437,8,0
"32",2014-09-01,"Nagongera",0,0,30.563663482666,7.48308038711548,0,0,0,853,199,0.0246189917936694,21,717,876,0.233294255568581,5.36576787807737,204,9,0
"33",2014-09-01,"Amolatar",0,0,12.4074573516846,5.86898899078369,0,0,0,369,212,0.983739837398374,363,956,546,0.574525745257453,101.691056910569,314,9,0
"34",2014-09-01,"Dokolo",0,0,14.2103357315063,6.09268093109131,0,0,0,957,397,0.885057471264368,847,1330,1220,0.414838035527691,109.102403343783,506,9,0
"35",2014-09-01,"Orum",0,0,19.046085357666,4.91988801956177,0,0,0,839,552,0.567342073897497,476,769,846,0.65792610250298,4.60548271752086,557,9,0
"36",2014-09-01,"Alebtong",0,0,15.4462947845459,5.08069229125977,0,0,0,558,370,0.942652329749104,526,1030,708,0.663082437275986,99.4623655913979,469,9,0
"37",2014-10-01,"Nagongera",0,0,23.7792816162109,30.563663482666,0,0,0,963,249,0.114226375908619,110,785,981,0.258566978193146,4.65420560747664,254,10,0
"38",2014-10-01,"Amolatar",0,0,11.3392505645752,12.4074573516846,0,0,0,771,405,0.989623865110246,763,1075,1010,0.525291828793774,125.544747081712,531,10,0
"39",2014-10-01,"Dokolo",0,0,9.78903007507324,14.2103357315063,0,0,0,1265,608,0.955731225296443,1209,1146,1508,0.480632411067194,116.793675889328,725,10,0
"40",2014-10-01,"Orum",0,0,8.50430488586426,19.046085357666,0,0,0,957,653,0.561128526645768,537,781,965,0.682340647857889,5.45872518286311,658,10,0
"41",2014-10-01,"Alebtong",0,0,9.02010440826416,15.4462947845459,0,0,0,461,265,0.986984815618221,455,867,822,0.574837310195228,207.516268980477,473,10,0
"42",2014-11-01,"Nagongera",0,0,51.3918838500977,23.7792816162109,0,0,0,1058,281,0.0661625708884688,70,811,1100,0.265595463137996,11.1550094517958,292,11,0
"43",2014-11-01,"Amolatar",0,0,34.5063018798828,11.3392505645752,0,0,0,780,414,0.998717948717949,779,894,1045,0.530769230769231,140.653846153846,555,11,0
"44",2014-11-01,"Dokolo",0,0,33.8134803771973,9.78903007507324,0,0,0,1312,614,0.953506097560976,1251,1473,1642,0.467987804878049,154.435975609756,768,11,0
"45",2014-11-01,"Orum",0,0,32.6129531860352,8.50430488586426,0,0,0,762,450,0.44488188976378,339,556,763,0.590551181102362,0.590551181102362,451,11,0
"46",2014-11-01,"Alebtong",0,0,35.133358001709,9.02010440826416,0,0,0,433,228,1,433,1512,972,0.526558891454965,283.815242494226,512,11,0
"47",2014-12-01,"Nagongera",0,0,23.9755897521973,51.3918838500977,0,0,0,1027,347,0.106134371957157,109,749,1036,0.337877312560857,3.04089581304771,350,12,0
"48",2014-12-01,"Amolatar",0,0,9.47847747802734,34.5063018798828,0,0,0,655,366,0.996946564885496,653,812,804,0.558778625954198,83.2580152671756,449,12,0
"49",2014-12-01,"Dokolo",0,0,12.0907297134399,33.8134803771973,0,0,0,882,419,0.909297052154195,802,1150,1051,0.475056689342404,80.2845804988662,499,12,0
"50",2014-12-01,"Orum",0,0,10.9441995620728,32.6129531860352,0,0,0,632,374,0.183544303797468,116,470,664,0.591772151898734,18.9367088607595,393,12,0
"51",2014-12-01,"Alebtong",0,0,10.5871133804321,35.133358001709,0,0,0,370,220,0.997297297297297,369,1410,788,0.594594594594595,248.540540540541,469,12,0
"52",2015-01-01,"Nagongera",0,0,21.1448879241943,23.9755897521973,0,0,0,1374,440,0.0269286754002911,37,840,1390,0.320232896652111,5.12372634643377,445,1,0
"53",2015-01-01,"Amolatar",0,0,14.2342548370361,9.47847747802734,0,0,0,458,214,0.98471615720524,451,638,519,0.467248908296943,28.5021834061135,243,1,0
"54",2015-01-01,"Dokolo",0,0,17.4846134185791,12.0907297134399,0,0,0,670,284,0.952238805970149,638,1141,927,0.423880597014925,108.937313432836,393,1,0
"55",2015-01-01,"Orum",0,0,14.2192497253418,10.9441995620728,0,0,0,601,412,0.344425956738769,207,563,621,0.685524126455907,13.7104825291181,426,1,0
"56",2015-01-01,"Alebtong",0,0,13.5080661773682,10.5871133804321,0,0,0,342,153,0.997076023391813,341,1042,516,0.447368421052632,77.8421052631579,231,1,0
"57",2015-02-01,"Nagongera",1,1,12.8445253372192,21.1448879241943,0,1,1,914,160,0.0295404814004376,27,666,921,0.175054704595186,1.2253829321663,161,2,1
"58",2015-02-01,"Amolatar",1,1,10.4903326034546,14.2342548370361,0,1,1,751,224,0.993342210386152,746,798,837,0.298268974700399,25.6511318242344,250,2,1
"59",2015-02-01,"Dokolo",1,1,10.9278135299683,17.4846134185791,0,1,1,823,211,0.891859052247874,734,957,922,0.256379100850547,25.3815309842041,236,2,1
"60",2015-02-01,"Orum",1,1,11.3550605773926,14.2192497253418,0,0,1,654,298,0.619266055045872,405,676,706,0.45565749235474,23.6941896024465,322,2,1
"61",2015-02-01,"Alebtong",1,1,10.8338575363159,13.5080661773682,0,1,1,550,169,0.998181818181818,549,955,679,0.307272727272727,39.6381818181818,209,2,1
"62",2015-03-01,"Nagongera",2,2,8.38371086120605,12.8445253372192,0,1,1,937,107,0.0288153681963714,27,819,951,0.114194236926361,1.59871931696905,109,3,1
"63",2015-03-01,"Amolatar",2,2,8.95618343353271,10.4903326034546,0,1,1,610,137,1,610,810,668,0.224590163934426,13.0262295081967,150,3,1
"64",2015-03-01,"Dokolo",2,2,7.18585205078125,10.9278135299683,0,1,1,1060,166,0.921698113207547,977,1605,1191,0.156603773584906,20.5150943396226,187,3,1
"65",2015-03-01,"Orum",2,2,7.450035572052,11.3550605773926,0,1,1,652,306,0.877300613496933,572,547,706,0.469325153374233,25.3435582822086,331,3,1
"66",2015-03-01,"Alebtong",2,2,6.50028228759766,10.8338575363159,0,1,1,459,133,0.997821350762527,458,1433,628,0.289760348583878,48.9694989106754,182,3,1
"67",2015-04-01,"Nagongera",3,3,7.53068542480469,8.38371086120605,0,1,1,539,67,0.038961038961039,21,674,544,0.12430426716141,0.62152133580705,68,4,1
"68",2015-04-01,"Amolatar",3,3,7.33664989471436,8.95618343353271,0,1,1,519,66,0.963391136801541,500,862,569,0.127167630057803,6.35838150289017,72,4,1
"69",2015-04-01,"Dokolo",3,3,7.48899555206299,7.18585205078125,0,1,1,553,76,0.956600361663653,529,978,666,0.137432188065099,15.5298372513562,92,4,1
"70",2015-04-01,"Orum",3,3,8.06776428222656,7.450035572052,0,1,1,338,206,0.467455621301775,158,595,381,0.609467455621302,26.207100591716,232,4,1
"71",2015-04-01,"Alebtong",3,3,6.61607551574707,6.50028228759766,0,1,1,292,79,1,292,1109,414,0.270547945205479,33.0068493150685,112,4,1
"72",2015-05-01,"Nagongera",4,4,12.3543128967285,7.53068542480469,0,1,1,861,146,0.0418118466898955,36,796,873,0.169570267131243,2.03484320557491,148,5,1
"73",2015-05-01,"Amolatar",4,4,7.63452434539795,7.33664989471436,0,1,1,538,91,0.695167286245353,374,970,621,0.169144981412639,14.0390334572491,105,5,1
"74",2015-05-01,"Dokolo",4,4,8.05005645751953,7.48899555206299,0,1,1,1028,469,0.971789883268482,999,1330,1229,0.456225680933852,91.7013618677043,561,5,1
"75",2015-05-01,"Orum",4,4,7.3962984085083,8.06776428222656,0,1,1,808,501,0.533415841584158,431,423,844,0.620049504950495,22.3217821782178,523,5,1
"76",2015-05-01,"Alebtong",4,4,7.86021137237549,6.61607551574707,0,1,1,66,18,1,66,1070,546,0.272727272727273,130.909090909091,149,5,1
"77",2015-06-01,"Nagongera",5,5,20.5013961791992,12.3543128967285,0,1,1,767,203,0.0547588005215124,42,942,781,0.264667535853977,3.70534550195567,207,6,1
"78",2015-06-01,"Amolatar",5,5,5.75906753540039,7.63452434539795,0,1,1,654,307,0.709480122324159,464,1423,916,0.469418960244648,122.987767584098,430,6,1
"79",2015-06-01,"Dokolo",5,5,8.71511745452881,8.05005645751953,0,1,1,1333,858,0.948987246811703,1265,1268,1712,0.643660915228807,243.947486871718,1102,6,1
"80",2015-06-01,"Orum",5,5,10.0651884078979,7.3962984085083,0,1,1,1159,960,0.0448662640207075,52,442,1233,0.828300258843831,61.2942191544435,1021,6,1
"81",2015-06-01,"Alebtong",5,5,8.9284143447876,7.86021137237549,0,1,1,804,565,0.998756218905473,803,1367,1234,0.70273631840796,302.176616915423,867,6,1
"82",2015-07-01,"Nagongera",6,1,1.81442439556122,20.5013961791992,1,2,2,753,120,0.128818061088977,97,915,770,0.159362549800797,2.70916334661355,123,7,1
"83",2015-07-01,"Amolatar",6,1,1.09696316719055,5.75906753540039,1,2,2,670,273,0.982089552238806,658,1445,673,0.407462686567164,1.22238805970149,274,7,1
"84",2015-07-01,"Dokolo",6,1,1.96689069271088,8.71511745452881,1,2,2,1350,619,0.98,1323,1068,1463,0.458518518518518,51.8125925925926,671,7,1
"85",2015-07-01,"Orum",6,1,1.52637541294098,10.0651884078979,1,2,2,776,606,0.105670103092784,82,522,820,0.780927835051546,34.360824742268,640,7,1
"86",2015-07-01,"Alebtong",6,1,1.85619902610779,8.9284143447876,1,2,2,952,645,1,952,845,1044,0.677521008403361,62.3319327731092,707,7,1
"87",2015-08-01,"Nagongera",7,2,24.3369827270508,1.81442439556122,1,2,2,599,66,0.151919866444073,91,1232,644,0.110183639398998,4.95826377295493,71,8,1
"88",2015-08-01,"Amolatar",7,2,15.8918151855469,1.09696316719055,1,2,2,494,104,1,494,1646,495,0.210526315789474,0.210526315789474,104,8,1
"89",2015-08-01,"Dokolo",7,2,17.2422122955322,1.96689069271088,1,2,2,996,322,0.970883534136546,967,803,1009,0.323293172690763,4.20281124497992,326,8,1
"90",2015-08-01,"Orum",7,2,19.6850986480713,1.52637541294098,1,2,2,410,248,0.64390243902439,264,443,451,0.604878048780488,24.8,273,8,1
"91",2015-08-01,"Alebtong",7,2,18.5738353729248,1.85619902610779,1,2,2,626,288,0.987220447284345,618,642,637,0.460063897763578,5.06070287539936,293,8,1
"92",2015-09-01,"Nagongera",8,3,29.5893859863281,24.3369827270508,1,2,2,941,85,0.138150903294368,130,732,949,0.0903294367693943,0.722635494155154,86,9,1
"93",2015-09-01,"Amolatar",8,3,15.0874328613281,15.8918151855469,1,2,2,483,84,0.975155279503106,471,1346,518,0.173913043478261,6.08695652173913,90,9,1
"94",2015-09-01,"Dokolo",8,3,14.2028656005859,17.2422122955322,1,2,2,1115,254,0.994618834080717,1109,1224,1131,0.22780269058296,3.64484304932735,258,9,1
"95",2015-09-01,"Orum",8,3,20.6705017089844,19.6850986480713,1,2,2,408,214,0.590686274509804,241,396,491,0.524509803921569,43.5343137254902,258,9,1
"96",2015-09-01,"Alebtong",8,3,14.9469394683838,18.5738353729248,1,2,2,610,176,0.998360655737705,609,884,630,0.288524590163934,5.77049180327869,182,9,1
"97",2015-10-01,"Nagongera",9,4,33.9931335449219,29.5893859863281,1,2,2,952,69,0.15546218487395,148,985,955,0.0724789915966387,0.217436974789916,69,10,1
"98",2015-10-01,"Amolatar",9,4,39.6445274353027,15.0874328613281,1,2,2,378,46,0.989417989417989,374,1358,507,0.121693121693122,15.6984126984127,62,10,1
"99",2015-10-01,"Dokolo",9,4,33.2880706787109,14.2028656005859,1,2,2,971,130,0.989701338825953,961,834,995,0.133882595262616,3.21318228630278,133,10,1
"100",2015-10-01,"Orum",9,4,25.3165149688721,20.6705017089844,1,2,2,792,558,0.391414141414141,310,379,873,0.704545454545455,57.0681818181818,615,10,1
"101",2015-10-01,"Alebtong",9,4,27.85422706604,14.9469394683838,1,2,2,541,171,0.985212569316081,533,923,589,0.316081330868762,15.1719038817006,186,10,1
"102",2015-11-01,"Nagongera",10,5,9.09992599487305,33.9931335449219,1,2,2,957,63,0.509926854754441,488,1152,966,0.0658307210031348,0.592476489028213,64,11,1
"103",2015-11-01,"Amolatar",10,1,9.66194343566895,39.6445274353027,2,3,3,497,70,0.96579476861167,480,1480,680,0.140845070422535,25.7746478873239,96,11,1
"104",2015-11-01,"Dokolo",10,1,12.1128740310669,33.2880706787109,2,3,3,1369,149,0.975894813732652,1336,1072,1397,0.108838568298028,3.04747991234478,152,11,1
"105",2015-11-01,"Orum",10,5,9.36563968658447,25.3165149688721,1,2,2,709,369,0.779971791255289,553,445,756,0.520451339915374,24.4612129760226,393,11,1
"106",2015-11-01,"Alebtong",10,1,10.9151554107666,27.85422706604,2,3,3,710,178,0.957746478873239,680,1129,766,0.250704225352113,14.0394366197183,192,11,1
"107",2015-12-01,"Nagongera",11,1,12.9803829193115,9.09992599487305,2,3,3,587,44,0.449744463373083,264,1080,589,0.0749574105621806,0.149914821124361,44,12,1
"108",2015-12-01,"Amolatar",11,2,8.91954803466797,9.66194343566895,2,3,3,627,74,0.985645933014354,618,1272,675,0.118022328548644,5.66507177033493,80,12,1
"109",2015-12-01,"Dokolo",11,2,11.8559436798096,12.1128740310669,2,3,3,730,128,0.96027397260274,701,1278,742,0.175342465753425,2.1041095890411,130,12,1
"110",2015-12-01,"Orum",11,1,9.773681640625,9.36563968658447,2,3,3,522,203,0.798850574712644,417,361,562,0.388888888888889,15.5555555555556,219,12,1
"111",2015-12-01,"Alebtong",11,2,9.75077724456787,10.9151554107666,2,3,3,535,99,0.936448598130841,501,1309,593,0.185046728971963,10.7327102803738,110,12,1
"112",2016-01-01,"Nagongera",12,2,10.6426486968994,12.9803829193115,2,3,3,579,32,0.347150259067358,201,1370,585,0.0552677029360967,0.33160621761658,32,1,1
"113",2016-01-01,"Amolatar",12,3,9.79740905761719,8.91954803466797,2,3,3,552,71,0.943840579710145,521,1006,555,0.128623188405797,0.385869565217391,71,1,1
"114",2016-01-01,"Dokolo",12,3,12.9467830657959,11.8559436798096,2,3,3,878,182,0.968109339407745,850,1536,895,0.207289293849658,3.52391799544419,186,1,1
"115",2016-01-01,"Orum",12,2,8.45096778869629,9.773681640625,2,3,3,659,330,0.798179059180577,526,352,716,0.500758725341426,28.5432473444613,359,1,1
"116",2016-01-01,"Alebtong",12,3,8.05072402954102,9.75077724456787,2,3,3,587,150,0.945485519591141,555,959,618,0.255536626916525,7.92163543441226,158,1,1
"117",2016-02-01,"Nagongera",13,3,21.9492282867432,10.6426486968994,2,2,3,509,38,0.388998035363458,198,1229,518,0.0746561886051081,0.671905697445973,39,2,2
"118",2016-02-01,"Amolatar",13,4,6.36274814605713,9.79740905761719,2,2,3,374,59,0.885026737967914,331,1123,376,0.157754010695187,0.315508021390374,59,2,2
"119",2016-02-01,"Dokolo",13,4,5.57674598693848,12.9467830657959,2,2,3,547,128,0.96526508226691,528,798,559,0.23400365630713,2.80804387568556,131,2,2
"120",2016-02-01,"Orum",13,3,4.51772356033325,8.45096778869629,2,2,3,424,322,0.186320754716981,79,337,467,0.759433962264151,32.6556603773585,355,2,2
"121",2016-02-01,"Alebtong",13,4,4.78580760955811,8.05072402954102,2,2,3,382,57,0.931937172774869,356,791,443,0.149214659685864,9.1020942408377,66,2,2
"122",2016-03-01,"Nagongera",14,4,17.2532749176025,21.9492282867432,2,2,3,469,35,0.590618336886994,277,1278,473,0.0746268656716418,0.298507462686567,35,3,2
"123",2016-03-01,"Amolatar",14,5,6.02893209457397,6.36274814605713,2,2,3,374,59,0.970588235294118,363,954,374,0.157754010695187,0,59,3,2
"124",2016-03-01,"Dokolo",14,5,5.25607776641846,5.57674598693848,2,2,3,514,82,0.982490272373541,505,1043,528,0.159533073929961,2.23346303501946,84,3,2
"125",2016-03-01,"Orum",14,4,5.64990854263306,4.51772356033325,2,2,3,553,289,0.61121157323689,338,374,592,0.522603978300181,20.3815551537071,309,3,2
"126",2016-03-01,"Alebtong",14,5,5.24386024475098,4.78580760955811,2,2,3,370,51,0.497297297297297,184,1005,434,0.137837837837838,8.82162162162162,60,3,2
"127",2016-04-01,"Nagongera",15,5,21.4127807617188,17.2532749176025,2,2,3,406,30,0.711822660098522,289,1190,412,0.0738916256157636,0.443349753694581,30,4,2
"128",2016-04-01,"Amolatar",15,6,19.2157211303711,6.02893209457397,2,2,3,403,49,0.975186104218362,393,1236,406,0.121588089330025,0.364764267990074,49,4,2
"129",2016-04-01,"Dokolo",15,6,19.3047943115234,5.25607776641846,2,2,3,539,82,0.975881261595547,526,996,544,0.152133580705009,0.760667903525046,83,4,2
"130",2016-04-01,"Orum",15,5,22.8566932678223,5.64990854263306,2,2,3,568,183,0.880281690140845,500,363,606,0.322183098591549,12.2429577464789,195,4,2
"131",2016-04-01,"Alebtong",15,6,17.2111167907715,5.24386024475098,2,2,3,310,31,0.796774193548387,247,998,490,0.1,18,49,4,2
"132",2016-05-01,"Nagongera",16,6,20.5887336730957,21.4127807617188,2,2,3,682,105,0.486803519061584,332,1330,686,0.153958944281525,0.6158357771261,106,5,2
"133",2016-05-01,"Amolatar",16,7,8.66426372528076,19.2157211303711,2,2,3,525,140,0.946666666666667,497,1072,535,0.266666666666667,2.66666666666667,143,5,2
"134",2016-05-01,"Dokolo",16,7,8.03455066680908,19.3047943115234,2,2,3,841,258,0.97384066587396,819,1394,852,0.306777645659929,3.37455410225922,261,5,2
"135",2016-05-01,"Orum",16,6,7.13131332397461,22.8566932678223,2,2,3,684,252,0.91374269005848,625,408,733,0.368421052631579,18.0526315789474,270,5,2
"136",2016-05-01,"Alebtong",16,7,7.92594051361084,17.2111167907715,2,2,3,890,239,0.871910112359551,776,886,1071,0.268539325842697,48.6056179775281,288,5,2
"137",2016-06-01,"Nagongera",17,7,8.67260646820068,20.5887336730957,2,2,3,1242,399,0.507246376811594,630,1202,1256,0.321256038647343,4.4975845410628,403,6,2
"138",2016-06-01,"Amolatar",17,8,4.97198581695557,8.66426372528076,2,2,3,723,301,0.95850622406639,693,1118,727,0.416320885200553,1.66528354080221,303,6,2
"139",2016-06-01,"Dokolo",17,1,6.68821144104004,8.03455066680908,3,3,4,500,129,0.932,466,1055,505,0.258,1.29,130,6,2
"140",2016-06-01,"Orum",17,1,6.6888427734375,7.13131332397461,3,3,4,777,341,0.75032175032175,583,366,819,0.438867438867439,18.4324324324324,359,6,2
"141",2016-06-01,"Alebtong",17,8,6.563796043396,7.92594051361084,2,2,3,1441,957,0.959056210964608,1382,876,1671,0.66412213740458,152.748091603053,1110,6,2
"142",2016-07-01,"Nagongera",18,1,2.44114708900452,8.67260646820068,3,2,4,1156,222,0.449826989619377,520,807,1162,0.192041522491349,1.1522491349481,223,7,2
"143",2016-07-01,"Amolatar",18,9,1.28087782859802,4.97198581695557,2,1,3,526,261,0.456273764258555,240,844,527,0.496197718631179,0.496197718631179,261,7,2
"144",2016-07-01,"Dokolo",18,2,2.56952238082886,6.68821144104004,3,2,4,542,121,0.913284132841328,495,1213,559,0.223247232472325,3.79520295202952,125,7,2
"145",2016-07-01,"Orum",18,2,2.0324010848999,6.6888427734375,3,2,4,732,327,0.48224043715847,353,506,786,0.44672131147541,24.1229508196721,351,7,2
"146",2016-07-01,"Alebtong",18,9,2.42330408096313,6.563796043396,2,1,3,1042,401,0.142034548944338,148,1041,1462,0.384836852207294,161.631477927063,563,7,2
"147",2016-08-01,"Nagongera",19,2,6.05355978012085,2.44114708900452,3,2,4,736,52,0.410326086956522,302,1011,739,0.0706521739130435,0.21195652173913,52,8,2
"148",2016-08-01,"Amolatar",19,10,3.50978803634644,1.28087782859802,2,1,3,621,223,0.209339774557166,130,1192,626,0.359098228663446,1.79549114331723,225,8,2
"149",2016-08-01,"Dokolo",19,3,3.64089632034302,2.56952238082886,3,2,4,863,183,0.951332560834299,821,1290,874,0.212050984936269,2.33256083429896,185,8,2
"150",2016-08-01,"Orum",19,3,5.08997488021851,2.0324010848999,3,2,4,936,465,0.463675213675214,434,546,973,0.496794871794872,18.3814102564103,483,8,2
"151",2016-08-01,"Alebtong",19,10,4.18928718566895,2.42330408096313,2,1,3,1323,687,0.631897203325775,836,624,1531,0.519274376417234,108.009070294785,795,8,2
"152",2016-09-01,"Nagongera",20,3,29.7634391784668,6.05355978012085,3,2,4,522,35,0.524904214559387,274,1201,529,0.0670498084291188,0.469348659003831,35,9,2
"153",2016-09-01,"Amolatar",20,11,28.575927734375,3.50978803634644,2,1,3,193,83,0.580310880829015,112,473,309,0.430051813471503,49.8860103626943,133,9,2
"154",2016-09-01,"Dokolo",20,4,27.8666133880615,3.64089632034302,3,2,4,550,111,0.907272727272727,499,1374,553,0.201818181818182,0.605454545454545,112,9,2
"155",2016-09-01,"Orum",20,4,31.158317565918,5.08997488021851,3,2,4,1004,530,0.541832669322709,544,460,1047,0.527888446215139,22.699203187251,553,9,2
"156",2016-09-01,"Alebtong",20,11,31.159294128418,4.18928718566895,2,1,3,982,509,0.227087576374745,223,835,1088,0.518329938900204,54.9429735234216,564,9,2
"157",2016-10-01,"Nagongera",21,4,10.5590677261353,29.7634391784668,3,2,4,578,39,0.693771626297578,401,1127,578,0.0674740484429066,0,39,10,2
"158",2016-10-01,"Amolatar",21,12,8.05157661437988,28.575927734375,2,1,3,409,177,0.968215158924205,396,833,653,0.432762836185819,105.59413202934,283,10,2
"159",2016-10-01,"Dokolo",21,5,11.561990737915,27.8666133880615,3,2,4,632,148,0.762658227848101,482,1457,643,0.234177215189873,2.57594936708861,151,10,2
"160",2016-10-01,"Orum",21,5,13.2439241409302,31.158317565918,3,2,4,937,653,0.411953041622198,386,546,957,0.696905016008538,13.9381003201708,667,10,2
"161",2016-10-01,"Alebtong",21,12,12.1327228546143,31.159294128418,2,1,3,840,533,0.51547619047619,433,887,1018,0.634523809523809,112.945238095238,646,10,2
"162",2016-11-01,"Nagongera",22,5,33.0622978210449,10.5590677261353,3,2,4,523,35,0.709369024856597,371,1489,524,0.0669216061185468,0.0669216061185468,35,11,2
"163",2016-11-01,"Amolatar",22,1,16.4232902526855,8.05157661437988,3,1,4,2,1,1,2,1082,739,0.5,368.5,370,11,2
"164",2016-11-01,"Dokolo",22,6,17.7602348327637,11.561990737915,3,1,4,701,249,0.944365192582026,662,1888,727,0.355206847360913,9.23537803138374,258,11,2
"165",2016-11-01,"Orum",22,6,15.6589365005493,13.2439241409302,3,2,4,1080,560,0.532407407407407,575,517,1085,0.518518518518518,2.59259259259259,563,11,2
"166",2016-11-01,"Alebtong",22,13,17.6254444122314,12.1327228546143,2,0,3,817,631,0.979192166462668,800,1059,980,0.77233782129743,125.891064871481,757,11,2
"167",2016-12-01,"Nagongera",23,6,38.7010231018066,33.0622978210449,3,1,4,481,38,0.656964656964657,316,838,481,0.079002079002079,0,38,12,2
"168",2016-12-01,"Amolatar",23,2,20.5110092163086,16.4232902526855,3,1,4,1,0,1,1,854,450,0,0,0,12,2
"169",2016-12-01,"Dokolo",23,7,23.397102355957,17.7602348327637,3,1,4,412,131,0.905339805825243,373,1439,420,0.317961165048544,2.54368932038835,134,12,2
"170",2016-12-01,"Orum",23,7,15.9141035079956,15.6589365005493,3,1,4,838,470,0.630071599045346,528,443,841,0.560859188544153,1.68257756563246,472,12,2
"171",2016-12-01,"Alebtong",23,1,18.0202770233154,17.6254444122314,3,1,4,304,147,0.980263157894737,298,938,611,0.483552631578947,148.450657894737,295,12,2
"172",2017-01-01,"Nagongera",24,7,50.3397483825684,38.7010231018066,3,1,4,572,38,0.769230769230769,440,1133,572,0.0664335664335664,0,38,1,2
"173",2017-01-01,"Amolatar",24,3,23.9139175415039,20.5110092163086,3,1,4,67,42,1,67,628,273,0.626865671641791,129.134328358209,171,1,2
"174",2017-01-01,"Dokolo",24,8,32.4774551391602,23.397102355957,3,1,4,387,115,0.92764857881137,359,1893,405,0.297157622739018,5.34883720930233,120,1,2
"175",2017-01-01,"Orum",24,8,26.0038719177246,15.9141035079956,3,1,4,678,339,0.508849557522124,345,393,688,0.5,5,344,1,2
"176",2017-01-01,"Alebtong",24,2,23.86328125,18.0202770233154,3,1,4,427,151,0.964871194379391,412,595,491,0.353629976580796,22.632318501171,174,1,2
"177",2017-02-01,"Nagongera",25,8,13.0307874679565,50.3397483825684,3,1,3,352,25,0.514204545454545,181,1201,354,0.0710227272727273,0.142045454545455,25,2,3
"178",2017-02-01,"Amolatar",25,4,4.76633596420288,23.9139175415039,3,1,3,163,99,0.993865030674847,162,1254,272,0.607361963190184,66.2024539877301,165,2,3
"179",2017-02-01,"Dokolo",25,9,4.35654926300049,32.4774551391602,3,1,3,393,85,0.969465648854962,381,1295,402,0.216284987277354,1.94656488549618,87,2,3
"180",2017-02-01,"Orum",25,9,4.18300914764404,26.0038719177246,3,1,3,449,147,0.654788418708241,294,398,459,0.32739420935412,3.2739420935412,150,2,3
"181",2017-02-01,"Alebtong",25,3,3.88481950759888,23.86328125,3,1,3,419,96,0.909307875894988,381,548,482,0.229116945107399,14.4343675417661,110,2,3
"182",2017-03-01,"Nagongera",26,9,7.31001758575439,13.0307874679565,3,1,3,415,77,0.614457831325301,255,1329,416,0.185542168674699,0.185542168674699,77,3,3
"183",2017-03-01,"Amolatar",26,5,4.3216381072998,4.76633596420288,3,1,3,228,84,0.991228070175439,226,877,372,0.368421052631579,53.0526315789474,137,3,3
"184",2017-03-01,"Dokolo",26,10,3.47009944915771,4.35654926300049,3,1,3,722,168,0.936288088642659,676,1849,731,0.232686980609418,2.09418282548476,170,3,3
"185",2017-03-01,"Orum",26,10,3.73121476173401,4.18300914764404,3,1,3,818,211,0.47921760391198,392,563,819,0.257946210268949,0.257946210268949,211,3,3
"186",2017-03-01,"Alebtong",26,4,3.70110201835632,3.88481950759888,3,1,3,825,260,0.976969696969697,806,968,874,0.315151515151515,15.4424242424242,275,3,3
"187",2017-04-01,"Nagongera",27,10,17.4064426422119,7.31001758575439,3,1,3,721,161,0.463245492371706,334,1165,722,0.223300970873786,0.223300970873786,161,4,3
"188",2017-04-01,"Amolatar",27,6,15.494607925415,4.3216381072998,3,1,3,341,119,0.967741935483871,330,1011,349,0.348973607038123,2.79178885630499,122,4,3
"189",2017-04-01,"Dokolo",27,11,13.3120574951172,3.47009944915771,3,1,3,801,386,0.945068664169788,757,1261,813,0.481897627965044,5.78277153558052,392,4,3
"190",2017-04-01,"Orum",27,11,13.4078903198242,3.73121476173401,3,1,3,959,519,0.249217935349322,239,329,962,0.54118873826903,1.62356621480709,521,4,3
"191",2017-04-01,"Alebtong",27,5,10.6525316238403,3.70110201835632,3,1,3,947,533,0.966209081309398,915,476,969,0.562829989440338,12.3822597676874,545,4,3
"192",2017-05-01,"Nagongera",28,11,12.5360431671143,17.4064426422119,3,1,3,1059,382,0.713881019830028,756,1301,1063,0.360717658168083,1.44287063267233,383,5,3
"193",2017-05-01,"Amolatar",28,7,6.56931257247925,15.494607925415,3,1,3,571,303,0.996497373029772,569,833,576,0.530647985989492,2.65323992994746,306,5,3
"194",2017-05-01,"Dokolo",28,12,6.69686841964722,13.3120574951172,3,1,3,1538,832,0.971391417425228,1494,1953,1552,0.540962288686606,7.57347204161248,840,5,3
"195",2017-05-01,"Orum",28,12,9.25548553466797,13.4078903198242,3,1,3,1019,547,0.0382728164867517,39,432,1020,0.536800785083415,0.536800785083415,548,5,3
"196",2017-05-01,"Alebtong",28,6,7.54244804382324,10.6525316238403,3,1,3,1379,895,0.969543147208122,1337,948,1426,0.64902102973169,30.5039883973894,926,5,3
"197",2017-06-01,"Nagongera",29,12,12.2008457183838,12.5360431671143,3,1,3,939,328,0.674121405750799,633,1289,951,0.349307774227902,4.19169329073482,332,6,3
"198",2017-06-01,"Amolatar",29,1,10.1010608673096,6.56931257247925,4,2,4,563,185,0.989342806394316,557,1112,587,0.328596802841918,7.88632326820604,193,6,3
"199",2017-06-01,"Dokolo",29,1,12.3815097808838,6.69686841964722,4,1,4,692,202,0.247109826589595,171,1320,694,0.291907514450867,0.583815028901734,203,6,3
"200",2017-06-01,"Orum",29,13,14.0121459960938,9.25548553466797,3,0,3,1182,763,0.0143824027072758,17,378,1185,0.645516074450085,1.93654822335025,765,6,3
"201",2017-06-01,"Alebtong",29,1,13.1560220718384,7.54244804382324,4,2,4,1078,512,0.961966604823748,1037,513,1111,0.474953617810761,15.6734693877551,528,6,3
"202",2017-07-01,"Nagongera",30,13,2.50085496902466,12.2008457183838,3,0,2,826,418,0.351089588377724,290,1189,837,0.506053268765133,5.56658595641646,424,7,3
"203",2017-07-01,"Amolatar",30,2,1.26413774490356,10.1010608673096,4,2,3,456,61,0.975877192982456,445,1027,459,0.133771929824561,0.401315789473684,61,7,3
"204",2017-07-01,"Dokolo",30,2,2.45218944549561,12.3815097808838,4,1,3,700,221,0.907142857142857,635,1713,713,0.315714285714286,4.10428571428571,225,7,3
"205",2017-07-01,"Orum",30,14,1.89258670806885,14.0121459960938,3,0,2,961,539,0.00416233090530697,4,342,962,0.560874089490114,0.560874089490114,540,7,3
"206",2017-07-01,"Alebtong",30,2,2.28235554695129,13.1560220718384,4,2,3,1123,392,0.953695458593054,1071,632,1150,0.34906500445236,9.42475512021371,401,7,3
"207",2017-08-01,"Nagongera",31,14,9.00151443481445,2.50085496902466,3,0,2,716,153,0.33659217877095,241,1122,717,0.213687150837989,0.213687150837989,153,8,3
"208",2017-08-01,"Amolatar",31,3,4.25469398498535,1.26413774490356,4,2,3,437,31,0.88558352402746,387,1116,439,0.0709382151029748,0.14187643020595,31,8,3
"209",2017-08-01,"Dokolo",31,3,4.39924669265747,2.45218944549561,4,1,3,1023,144,0.742913000977517,760,1629,1028,0.140762463343109,0.703812316715543,145,8,3
"210",2017-08-01,"Orum",31,15,5.31685543060303,1.89258670806885,3,0,2,625,310,0,0,438,629,0.496,1.984,312,8,3
"211",2017-08-01,"Alebtong",31,3,4.08980369567871,2.28235554695129,4,2,3,859,161,0.973224679860303,836,476,900,0.187427240977881,7.68451688009313,169,8,3
"212",2017-09-01,"Nagongera",32,15,5.59831857681274,9.00151443481445,3,1,3,369,59,0.780487804878049,288,951,371,0.159891598915989,0.319783197831978,59,9,3
"213",2017-09-01,"Amolatar",32,4,12.7259101867676,4.25469398498535,4,2,3,267,25,0.955056179775281,255,861,269,0.0936329588014981,0.187265917602996,25,9,3
"214",2017-09-01,"Dokolo",32,4,10.9350614547729,4.39924669265747,4,1,3,841,75,0.461355529131986,388,1512,843,0.089179548156956,0.178359096313912,75,9,3
"215",2017-09-01,"Orum",32,1,12.8543586730957,5.31685543060303,4,1,3,602,264,0,0,371,602,0.438538205980066,0,264,9,3
"216",2017-09-01,"Alebtong",32,4,13.0881156921387,4.08980369567871,4,2,3,748,104,0.961229946524064,719,685,792,0.13903743315508,6.11764705882353,110,9,3
"217",2017-10-01,"Nagongera",33,1,12.369873046875,5.59831857681274,4,1,3,277,57,0.487364620938628,135,1350,278,0.205776173285199,0.205776173285199,57,10,3
"218",2017-10-01,"Amolatar",33,5,8.96688270568848,12.7259101867676,4,2,3,365,35,0.93972602739726,343,1056,380,0.0958904109589041,1.43835616438356,36,10,3
"219",2017-10-01,"Dokolo",33,5,11.5200071334839,10.9350614547729,4,1,3,995,110,0.982914572864322,978,1738,1008,0.110552763819095,1.43718592964824,111,10,3
"220",2017-10-01,"Orum",33,2,12.4425830841064,12.8543586730957,4,1,3,696,458,0.0014367816091954,1,325,696,0.658045977011494,0,458,10,3
"221",2017-10-01,"Alebtong",33,5,12.1157283782959,13.0881156921387,4,2,3,903,155,0.980066445182724,885,975,967,0.171650055370986,10.9856035437431,166,10,3
"222",2017-11-01,"Nagongera",34,2,8.52497482299805,12.369873046875,4,1,3,292,53,0.643835616438356,188,1168,292,0.181506849315068,0,53,11,3
"223",2017-11-01,"Amolatar",34,6,11.8585557937622,8.96688270568848,4,1,2,225,20,0.795555555555556,179,997,230,0.0888888888888889,0.444444444444444,20,11,3
"224",2017-11-01,"Dokolo",34,6,14.2138109207153,11.5200071334839,4,1,2,1201,111,0.995004163197336,1195,1548,1202,0.0924229808492923,0.0924229808492923,111,11,3
"225",2017-11-01,"Orum",34,3,13.0482139587402,12.4425830841064,4,1,3,621,217,0.449275362318841,279,319,622,0.349436392914654,0.349436392914654,217,11,3
"226",2017-11-01,"Alebtong",34,6,15.1139907836914,12.1157283782959,4,2,2,796,135,0.976130653266332,777,1037,860,0.169597989949749,10.8542713567839,146,11,3
"227",2017-12-01,"Nagongera",35,3,26.398983001709,8.52497482299805,4,1,2,342,31,0.391812865497076,134,799,342,0.0906432748538012,0,31,12,3
"228",2017-12-01,"Amolatar",35,7,9.16288757324219,11.8585557937622,4,1,2,208,10,0.923076923076923,192,728,209,0.0480769230769231,0.0480769230769231,10,12,3
"229",2017-12-01,"Dokolo",35,7,12.0262517929077,14.2138109207153,4,1,2,559,51,0.967799642218247,541,1017,560,0.0912343470483005,0.0912343470483005,51,12,3
"230",2017-12-01,"Orum",35,4,13.9267921447754,13.0482139587402,4,1,2,277,65,0.913357400722022,253,511,277,0.234657039711191,0,65,12,3
"231",2017-12-01,"Alebtong",35,7,11.0605192184448,15.1139907836914,4,1,2,464,91,0.976293103448276,453,706,531,0.196120689655172,13.1400862068966,104,12,3
"232",2018-01-01,"Nagongera",36,4,21.8882026672363,26.398983001709,4,1,2,514,32,0.501945525291829,258,912,514,0.0622568093385214,0,32,1,3
"233",2018-01-01,"Amolatar",36,8,12.4479846954346,9.16288757324219,4,1,2,267,10,0.973782771535581,260,755,267,0.0374531835205993,0,10,1,3
"234",2018-01-01,"Dokolo",36,8,16.863618850708,12.0262517929077,4,1,2,777,48,0.957528957528958,744,1495,779,0.0617760617760618,0.123552123552124,48,1,3
"235",2018-01-01,"Orum",36,5,10.4619903564453,13.9267921447754,4,1,2,276,49,0.684782608695652,189,744,276,0.177536231884058,0,49,1,3
"236",2018-01-01,"Alebtong",36,8,9.24518394470215,11.0605192184448,4,1,2,462,53,0.963203463203463,445,811,496,0.114718614718615,3.9004329004329,57,1,3
"237",2018-02-01,"Nagongera",37,5,12.1229791641235,21.8882026672363,4,1,2,339,34,0.610619469026549,207,1130,340,0.100294985250737,0.100294985250737,34,2,4
"238",2018-02-01,"Amolatar",37,9,8.50797557830811,12.4479846954346,4,1,2,266,12,0.984962406015038,262,998,266,0.0451127819548872,0,12,2,4
"239",2018-02-01,"Dokolo",37,9,7.29498386383057,16.863618850708,4,1,2,559,41,0.991055456171735,554,732,560,0.073345259391771,0.073345259391771,41,2,4
"240",2018-02-01,"Orum",37,6,7.61942195892334,10.4619903564453,4,1,2,286,57,0.297202797202797,85,585,286,0.199300699300699,0,57,2,4
"241",2018-02-01,"Alebtong",37,9,7.96358633041382,9.24518394470215,4,1,2,284,43,0.98943661971831,281,700,307,0.151408450704225,3.48239436619718,46,2,4
"242",2018-03-01,"Nagongera",38,6,30.2296142578125,12.1229791641235,4,1,2,295,21,0.861016949152542,254,952,296,0.0711864406779661,0.0711864406779661,21,3,4
"243",2018-03-01,"Amolatar",38,10,13.4644451141357,8.50797557830811,4,1,2,264,13,0.931818181818182,246,1053,264,0.0492424242424242,0,13,3,4
"244",2018-03-01,"Dokolo",38,10,9.34260177612305,7.29498386383057,4,1,2,715,47,0.998601398601399,714,1263,715,0.0657342657342657,0,47,3,4
"245",2018-03-01,"Orum",38,7,11.4052019119263,7.61942195892334,4,1,2,307,60,0.807817589576547,248,619,307,0.195439739413681,0,60,3,4
"246",2018-03-01,"Alebtong",38,10,11.7143363952637,7.96358633041382,4,1,2,439,70,0.972665148063781,427,853,489,0.159453302961276,7.97266514806378,78,3,4
"247",2018-04-01,"Nagongera",39,7,25.8861103057861,30.2296142578125,4,1,2,338,21,0.866863905325444,293,1077,338,0.0621301775147929,0,21,4,4
"248",2018-04-01,"Amolatar",39,11,28.9743690490723,13.4644451141357,4,1,2,395,12,0.972151898734177,384,957,395,0.030379746835443,0,12,4,4
"249",2018-04-01,"Dokolo",39,11,28.4804821014404,9.34260177612305,4,1,2,835,40,0.978443113772455,817,1156,843,0.0479041916167665,0.383233532934132,40,4,4
"250",2018-04-01,"Orum",39,8,34.7385902404785,11.4052019119263,4,1,2,421,68,0.914489311163896,385,524,421,0.161520190023753,0,68,4,4
"251",2018-04-01,"Alebtong",39,11,25.737283706665,11.7143363952637,4,1,2,457,54,0.962800875273523,440,523,471,0.118161925601751,1.65426695842451,56,4,4
"252",2018-05-01,"Nagongera",40,8,27.6110572814941,25.8861103057861,4,1,2,578,70,0.444636678200692,257,1157,578,0.121107266435986,0,70,5,4
"253",2018-05-01,"Amolatar",40,1,15.2790794372559,28.9743690490723,5,2,3,391,9,0.920716112531969,360,1173,392,0.0230179028132992,0.0230179028132992,9,5,4
"254",2018-05-01,"Dokolo",40,1,20.2153606414795,28.4804821014404,5,2,3,943,52,0.99575821845175,939,1312,945,0.0551431601272534,0.110286320254507,52,5,4
"255",2018-05-01,"Orum",40,9,16.8591346740723,34.7385902404785,4,1,2,388,62,0.981958762886598,381,569,388,0.15979381443299,0,62,5,4
"256",2018-05-01,"Alebtong",40,1,16.6759567260742,25.737283706665,5,2,3,474,45,0.974683544303797,462,1093,513,0.0949367088607595,3.70253164556962,49,5,4
"257",2018-06-01,"Nagongera",41,9,11.2373809814453,27.6110572814941,4,1,2,701,96,0.2339514978602,164,904,702,0.136947218259629,0.136947218259629,96,6,4
"258",2018-06-01,"Amolatar",41,2,6.26589393615723,15.2790794372559,5,1,3,309,22,0.928802588996764,287,1132,309,0.0711974110032362,0,22,6,4
"259",2018-06-01,"Dokolo",41,2,7.82128381729126,20.2153606414795,5,1,2,603,20,0.948590381426202,572,1528,612,0.033167495854063,0.298507462686567,20,6,4
"260",2018-06-01,"Orum",41,10,8.37909317016602,16.8591346740723,4,1,1,461,98,0.754880694143167,348,564,461,0.212581344902386,0,98,6,4
"261",2018-06-01,"Alebtong",41,2,8.51151943206787,16.6759567260742,5,1,3,527,54,0.916508538899431,483,780,540,0.10246679316888,1.33206831119545,55,6,4
"262",2018-07-01,"Nagongera",42,10,1.9369295835495,11.2373809814453,4,1,1,760,66,0.103947368421053,79,798,760,0.0868421052631579,0,66,7,4
"263",2018-07-01,"Amolatar",42,3,1.07945203781128,6.26589393615723,5,1,3,236,9,0.834745762711864,197,997,236,0.038135593220339,0,9,7,4
"264",2018-07-01,"Dokolo",42,3,2.05485582351685,7.82128381729126,5,1,2,547,33,0.987202925045704,540,2118,548,0.0603290676416819,0.0603290676416819,33,7,4
"265",2018-07-01,"Orum",42,11,1.56844830513,8.37909317016602,4,1,1,549,94,0.85792349726776,471,611,549,0.171220400728597,0,94,7,4
"266",2018-07-01,"Alebtong",42,3,1.91233921051025,8.51151943206787,5,1,3,412,61,0.946601941747573,390,1240,459,0.148058252427184,6.95873786407767,68,7,4
"267",2018-08-01,"Nagongera",43,1,25.4697494506836,1.9369295835495,5,2,2,1011,29,0.0425321463897132,43,994,1011,0.0286844708209693,0,29,8,4
"268",2018-08-01,"Amolatar",43,4,12.8129320144653,1.07945203781128,5,1,3,276,8,0.829710144927536,229,1109,276,0.0289855072463768,0,8,8,4
"269",2018-08-01,"Dokolo",43,4,13.7404079437256,2.05485582351685,5,1,2,672,30,0.976190476190476,656,1227,672,0.0446428571428571,0,30,8,4
"270",2018-08-01,"Orum",43,1,19.69287109375,1.56844830513,5,2,2,492,93,0.754065040650406,371,570,492,0.189024390243902,0,93,8,4
"271",2018-08-01,"Alebtong",43,4,16.1772632598877,1.91233921051025,5,1,3,371,45,0.951482479784367,353,651,388,0.121293800539084,2.06199460916442,47,8,4
"272",2018-09-01,"Nagongera",44,2,34.5700759887695,25.4697494506836,5,1,2,632,27,0.00791139240506329,5,658,632,0.0427215189873418,0,27,9,4
"273",2018-09-01,"Amolatar",44,5,11.1404142379761,12.8129320144653,5,1,3,200,14,0.835,167,900,200,0.07,0,14,9,4
"274",2018-09-01,"Dokolo",44,5,13.2885828018188,13.7404079437256,5,1,2,492,21,0.995934959349594,490,1397,492,0.0426829268292683,0,21,9,4
"275",2018-09-01,"Orum",44,2,13.2877998352051,19.69287109375,5,1,2,341,76,0.653958944281525,223,520,341,0.222873900293255,0,76,9,4
"276",2018-09-01,"Alebtong",44,5,11.7688417434692,16.1772632598877,5,1,3,402,57,0.977611940298508,393,912,437,0.141791044776119,4.96268656716418,62,9,4
"277",2018-10-01,"Nagongera",45,3,36.156078338623,34.5700759887695,5,1,2,847,28,0.076741440377804,65,874,847,0.0330578512396694,0,28,10,4
"278",2018-10-01,"Amolatar",45,6,29.1166648864746,11.1404142379761,5,1,3,256,12,0.91015625,233,1290,256,0.046875,0,12,10,4
"279",2018-10-01,"Dokolo",45,6,24.9795608520508,13.2885828018188,5,1,2,520,51,0.996153846153846,518,1416,524,0.0980769230769231,0.392307692307692,51,10,4
"280",2018-10-01,"Orum",45,3,24.2037525177002,13.2877998352051,5,1,2,529,158,0.77882797731569,412,624,529,0.298676748582231,0,158,10,4
"281",2018-10-01,"Alebtong",45,6,25.1616554260254,11.7688417434692,5,1,3,582,60,0.939862542955326,547,818,590,0.103092783505155,0.824742268041237,61,10,4
"282",2018-11-01,"Nagongera",46,4,36.5749092102051,36.156078338623,5,1,2,679,30,0.069219440353461,47,818,679,0.0441826215022091,0,30,11,4
"283",2018-11-01,"Amolatar",46,7,15.3035888671875,29.1166648864746,5,1,2,79,7,0.924050632911392,73,1207,81,0.0886075949367089,0.177215189873418,7,11,4
"284",2018-11-01,"Dokolo",46,7,16.8924903869629,24.9795608520508,5,1,2,568,34,0.996478873239437,566,1857,570,0.0598591549295775,0.119718309859155,34,11,4
"285",2018-11-01,"Orum",46,4,14.1456394195557,24.2037525177002,5,1,2,375,80,0.802666666666667,301,448,375,0.213333333333333,0,80,11,4
"286",2018-11-01,"Alebtong",46,7,14.5768918991089,25.1616554260254,5,1,3,545,43,0.985321100917431,537,899,545,0.0788990825688073,0,43,11,4
"287",2018-12-01,"Nagongera",47,5,6.75509643554688,36.5749092102051,5,1,2,582,21,0.195876288659794,114,726,582,0.0360824742268041,0,21,12,4
"288",2018-12-01,"Amolatar",47,8,6.4395112991333,15.3035888671875,5,1,2,162,19,0.938271604938272,152,947,163,0.117283950617284,0.117283950617284,19,12,4
"289",2018-12-01,"Dokolo",47,8,7.55708503723145,16.8924903869629,5,1,2,395,32,0.982278481012658,388,1138,397,0.0810126582278481,0.162025316455696,32,12,4
"290",2018-12-01,"Orum",47,5,6.38694667816162,14.1456394195557,5,1,2,278,50,0.920863309352518,256,346,278,0.179856115107914,0,50,12,4
"291",2018-12-01,"Alebtong",47,8,6.13112258911133,14.5768918991089,5,1,2,158,21,0.993670886075949,157,664,158,0.132911392405063,0,21,12,4
"292",2019-01-01,"Nagongera",48,6,27.0916500091553,6.75509643554688,5,1,2,447,21,0.181208053691275,81,1033,447,0.0469798657718121,0,21,1,4
"293",2019-01-01,"Amolatar",48,9,14.6001167297363,6.4395112991333,5,1,2,242,22,0.855371900826446,207,1243,242,0.0909090909090909,0,22,1,4
"294",2019-01-01,"Dokolo",48,9,20.481372833252,7.55708503723145,5,1,2,564,63,0.99822695035461,563,2047,564,0.111702127659574,0,63,1,4
"295",2019-01-01,"Orum",48,6,15.5632076263428,6.38694667816162,5,1,2,357,37,0.725490196078431,259,633,357,0.103641456582633,0,37,1,4
"296",2019-01-01,"Alebtong",48,9,15.2947673797607,6.13112258911133,5,1,2,424,37,0.995283018867924,422,962,424,0.0872641509433962,0,37,1,4
"297",2019-02-01,"Nagongera",49,7,9.89591217041016,27.0916500091553,5,1,2,334,31,0.24251497005988,81,1014,334,0.092814371257485,0,31,2,NA
"298",2019-02-01,"Amolatar",49,10,6.56539630889893,14.6001167297363,5,1,2,290,25,0.962068965517241,279,1107,290,0.0862068965517241,0,25,2,NA
"299",2019-02-01,"Dokolo",49,10,5.96936273574829,20.481372833252,5,1,2,705,46,0.987234042553191,696,1186,708,0.0652482269503546,0.195744680851064,46,2,NA
"300",2019-02-01,"Orum",49,7,4.9349479675293,15.5632076263428,5,1,2,373,42,0.946380697050938,353,480,373,0.112600536193029,0,42,2,NA
"301",2019-02-01,"Alebtong",49,10,5.55943584442139,15.2947673797607,5,1,2,518,32,0.99034749034749,513,583,518,0.0617760617760618,0,32,2,NA
"302",2019-03-01,"Nagongera",50,8,17.2203369140625,9.89591217041016,5,1,2,381,34,0.530183727034121,202,850,381,0.089238845144357,0,34,3,NA
"303",2019-03-01,"Amolatar",50,11,26.8611431121826,6.56539630889893,5,1,2,274,34,0.95985401459854,263,1097,274,0.124087591240876,0,34,3,NA
"304",2019-03-01,"Dokolo",50,11,22.1308917999268,5.96936273574829,5,1,2,619,20,0.998384491114701,618,1390,619,0.0323101777059774,0,20,3,NA
"305",2019-03-01,"Orum",50,8,20.9505386352539,4.9349479675293,5,1,2,328,45,0.847560975609756,278,466,328,0.13719512195122,0,45,3,NA
"306",2019-03-01,"Alebtong",50,11,21.3316478729248,5.55943584442139,5,1,2,350,22,0.985714285714286,345,1020,350,0.0628571428571429,0,22,3,NA
"307",2019-04-01,"Nagongera",51,1,22.9664783477783,17.2203369140625,6,2,3,510,47,0.129411764705882,66,797,510,0.092156862745098,0,47,4,NA
"308",2019-04-01,"Amolatar",51,12,21.6826248168945,26.8611431121826,5,1,2,276,31,0.97463768115942,269,1310,276,0.11231884057971,0,31,4,NA
"309",2019-04-01,"Dokolo",51,12,22.4744148254395,22.1308917999268,5,1,2,591,29,0.979695431472081,579,1335,592,0.0490693739424704,0.0490693739424704,29,4,NA
"310",2019-04-01,"Orum",51,9,25.0100898742676,20.9505386352539,5,1,2,369,40,0.807588075880759,298,428,369,0.10840108401084,0,40,4,NA
"311",2019-04-01,"Alebtong",51,12,20.0216674804688,21.3316478729248,5,1,2,355,31,0.991549295774648,352,888,355,0.0873239436619718,0,31,4,NA
"312",2019-05-01,"Nagongera",52,2,9.9765567779541,22.9664783477783,6,2,3,323,29,0.284829721362229,92,899,324,0.0897832817337461,0.0897832817337461,29,5,NA
"313",2019-05-01,"Amolatar",52,13,7.61018323898315,21.6826248168945,5,0,2,345,50,0.973913043478261,336,1145,345,0.144927536231884,0,50,5,NA
"314",2019-05-01,"Dokolo",52,13,7.37630558013916,22.4744148254395,5,0,2,275,89,0.996363636363636,274,1618,275,0.323636363636364,0,89,5,NA
"315",2019-05-01,"Orum",52,10,6.69012784957886,25.0100898742676,5,1,2,371,115,0.590296495956873,219,514,371,0.309973045822102,0,115,5,NA
"316",2019-05-01,"Alebtong",52,13,7.86616563796997,20.0216674804688,5,0,2,297,47,0.996632996632997,296,998,297,0.158249158249158,0,47,5,NA
"317",2019-06-01,"Nagongera",53,3,5.28125905990601,9.9765567779541,6,2,3,423,61,0.302600472813239,128,868,423,0.144208037825059,0,61,6,NA
"318",2019-06-01,"Amolatar",53,14,4.19984149932861,7.61018323898315,5,0,1,470,126,0.948936170212766,446,1438,470,0.268085106382979,0,126,6,NA
"319",2019-06-01,"Dokolo",53,14,5.02951145172119,7.37630558013916,5,0,1,1013,177,0.964461994076999,977,1646,1014,0.174728529121422,0.174728529121422,177,6,NA
"320",2019-06-01,"Orum",53,11,5.83343410491943,6.69012784957886,5,1,2,825,394,0.724848484848485,598,374,825,0.477575757575758,0,394,6,NA
"321",2019-06-01,"Alebtong",53,14,6.37142276763916,7.86616563796997,5,0,1,687,196,0.981077147016012,674,948,687,0.285298398835517,0,196,6,NA
"322",2019-07-01,"Nagongera",54,4,4.44182777404785,5.28125905990601,6,2,3,601,82,0.131229235880399,79,1075,602,0.136439267886855,0.136439267886855,82,7,NA
"323",2019-07-01,"Amolatar",54,1,3.38429713249207,4.19984149932861,6,1,2,374,84,0.320855614973262,120,1545,374,0.224598930481283,0,84,7,NA
"324",2019-07-01,"Dokolo",54,1,6.83823299407959,5.02951145172119,6,1,2,682,195,0.98533724340176,672,2549,689,0.285923753665689,2.00146627565982,197,7,NA
"325",2019-07-01,"Orum",54,1,6.44752502441406,5.83343410491943,6,2,3,855,285,0.821052631578947,702,747,855,0.333333333333333,0,285,7,NA
"326",2019-07-01,"Alebtong",54,1,7.00753307342529,6.37142276763916,6,1,2,523,124,0.980879541108987,513,1439,524,0.237093690248566,0.237093690248566,124,7,NA
"327",2019-08-01,"Nagongera",55,5,18.5002002716064,4.44182777404785,6,1,3,441,48,0.648526077097506,286,1058,442,0.108843537414966,0.108843537414966,48,8,NA
"328",2019-08-01,"Amolatar",55,2,7.65326976776123,3.38429713249207,6,1,2,308,65,0.707792207792208,218,1436,308,0.211038961038961,0,65,8,NA
"329",2019-08-01,"Dokolo",55,2,5.681960105896,6.83823299407959,6,1,2,537,177,0.977653631284916,525,1705,539,0.329608938547486,0.659217877094972,178,8,NA
"330",2019-08-01,"Orum",55,2,7.74301433563232,6.44752502441406,6,1,3,757,282,0.936591809775429,709,296,757,0.372523117569353,0,282,8,NA
"331",2019-08-01,"Alebtong",55,2,6.93472576141357,7.00753307342529,6,1,2,512,130,0.955078125,489,929,512,0.25390625,0,130,8,NA
"332",2019-09-01,"Nagongera",56,6,21.7729110717773,18.5002002716064,6,1,2,469,43,0.918976545842217,431,844,470,0.0916844349680171,0.0916844349680171,43,9,NA
"333",2019-09-01,"Amolatar",56,3,13.7430734634399,7.65326976776123,6,1,2,398,69,0.942211055276382,375,1492,398,0.173366834170854,0,69,9,NA
"334",2019-09-01,"Dokolo",56,3,14.8297443389893,5.681960105896,6,1,2,679,137,0.980854197349043,666,1486,680,0.201767304860088,0.201767304860088,137,9,NA
"335",2019-09-01,"Orum",56,3,21.8316326141357,7.74301433563232,6,1,2,612,250,0.895424836601307,548,499,612,0.408496732026144,0,250,9,NA
"336",2019-09-01,"Alebtong",56,3,18.8157138824463,6.93472576141357,6,1,2,547,102,0.961608775137112,526,1156,547,0.186471663619744,0,102,9,NA
"337",2019-10-01,"Nagongera",57,7,10.126314163208,21.7729110717773,6,1,2,461,48,0.54880694143167,253,1191,461,0.10412147505423,0,48,10,NA
"338",2019-10-01,"Amolatar",57,4,13.9212036132812,13.7430734634399,6,1,2,354,74,0.977401129943503,346,1649,354,0.209039548022599,0,74,10,NA
"339",2019-10-01,"Dokolo",57,4,16.5211925506592,14.8297443389893,6,1,2,1042,232,0.978886756238004,1020,1932,1061,0.222648752399232,4.23032629558541,236,10,NA
"340",2019-10-01,"Orum",57,4,16.4802913665771,21.8316326141357,6,1,2,711,182,0.888888888888889,632,428,711,0.255977496483826,0,182,10,NA
"341",2019-10-01,"Alebtong",57,4,17.0009365081787,18.8157138824463,6,1,2,440,82,0.915909090909091,403,1185,440,0.186363636363636,0,82,10,NA
"342",2019-11-01,"Nagongera",58,8,13.0937414169312,10.126314163208,6,1,2,514,42,0.231517509727626,119,1107,515,0.0817120622568093,0.0817120622568093,42,11,NA
"343",2019-11-01,"Amolatar",58,5,18.4496097564697,13.9212036132812,6,1,2,297,73,0.939393939393939,279,1313,297,0.245791245791246,0,73,11,NA
"344",2019-11-01,"Dokolo",58,5,21.6879253387451,16.5211925506592,6,1,2,912,359,0.990131578947368,903,1264,914,0.393640350877193,0.787280701754386,360,11,NA
"345",2019-11-01,"Orum",58,5,21.2289028167725,16.4802913665771,6,1,2,427,105,0.971896955503513,415,399,427,0.245901639344262,0,105,11,NA
"346",2019-11-01,"Alebtong",58,5,24.404899597168,17.0009365081787,6,1,2,527,116,0.924098671726755,487,837,527,0.22011385199241,0,116,11,NA
"347",2019-12-01,"Nagongera",59,9,26.9079627990723,13.0937414169312,6,1,2,319,51,0.526645768025078,168,906,319,0.15987460815047,0,51,12,NA
"348",2019-12-01,"Amolatar",59,6,10.0249900817871,18.4496097564697,6,1,2,305,108,0.954098360655738,291,900,305,0.354098360655738,0,108,12,NA
"349",2019-12-01,"Dokolo",59,6,12.6634149551392,21.6879253387451,6,1,2,1028,551,0.978599221789883,1006,1392,1049,0.535992217898833,11.2558365758755,562,12,NA
"350",2019-12-01,"Orum",59,6,14.3024959564209,21.2289028167725,6,1,2,376,189,0.0957446808510638,36,372,376,0.502659574468085,0,189,12,NA
"351",2019-12-01,"Alebtong",59,6,13.384015083313,24.404899597168,6,1,2,517,113,0.897485493230174,464,1221,517,0.218568665377176,0,113,12,NA
